i,ml,mom,gmm,cue,el
1,0.0129999999999999,0.5750000000000002,4.928,2.327000000000001,53.483000000000004
2,0.01099999999999568,0.472999999999999,5.32,2.3940000000000055,130.368
3,0.00899999999998613,0.4619999999999891,5.389999999999986,2.4429999999999836,145.103
4,0.011000000000024102,0.48599999999999,5.4769999999999754,2.5120000000000005,61.789999999999964
5,0.009000000000014552,0.4539999999999509,5.113999999999976,2.3659999999999854,22.950000000000045
6,0.009999999999990905,0.4340000000000259,5.091000000000008,2.3659999999999854,67.78900000000004
7,0.009999999999990905,0.46299999999996544,5.259999999999991,2.366000000000099,35.764999999999986
8,0.009999999999990905,0.45100000000002183,5.125,2.4289999999999736,88.01499999999999
9,0.035000000000081855,0.5819999999999936,5.41700000000003,2.466000000000008,76.55400000000009
10,0.009999999999990905,0.4630000000000791,5.257000000000062,2.4460000000000264,250.562
11,0.008000000000038199,0.47100000000000364,5.3840000000000146,2.400000000000091,21.774000000000115
12,0.009999999999990905,0.45299999999997453,5.314999999999827,2.49799999999982,43.485999999999876
13,0.010999999999967258,0.48900000000003274,5.492999999999938,2.436000000000149,218.9179999999999
14,0.009000000000014552,0.4619999999999891,5.380000000000109,2.4729999999999563,70.4090000000001
15,0.011999999999943611,0.48700000000008004,5.451999999999998,2.548999999999978,135.98500000000013
16,0.016000000000076398,0.48099999999999454,5.608000000000175,2.4990000000000236,58.31400000000008
17,0.010999999999967258,0.48499999999989996,5.461999999999989,2.4659999999998945,34.00700000000006
18,0.011999999999943611,0.46499999999991815,5.225999999999885,2.480000000000018,214.25499999999988
19,0.009000000000014552,0.4659999999998945,5.413999999999987,2.4600000000000364,67.39100000000008
20,0.010000000000218279,0.47299999999995634,5.2650000000001,1.6400000000001,104.41099999999983
21,0.014000000000000012,0.4930000000000001,4.757000000000001,2.2279999999999998,125.31
22,0.01099999999999568,0.48099999999999454,5.459000000000003,2.4320000000000164,33.01600000000002
23,0.00899999999998613,0.4379999999999882,5.175000000000011,2.4020000000000152,81.07900000000001
24,0.008999999999957708,0.46800000000001774,5.338999999999999,2.3980000000000246,207.135
25,0.009999999999990905,0.4730000000000132,5.3489999999999895,2.455000000000041,103.87000000000006
26,0.008999999999900865,0.4679999999999609,5.294999999999959,2.4489999999999554,76.81700000000001
27,0.010000000000104592,0.45699999999999363,5.544999999999959,2.377999999999929,67.62799999999993
28,0.011000000000080945,0.4779999999999518,5.448999999999955,2.43100000000004,116.106
29,0.009999999999990905,0.4740000000000464,5.331000000000017,2.4050000000000864,88.654
30,0.010000000000104592,0.46699999999998454,5.43100000000004,2.407000000000039,56.843000000000075
31,0.009000000000014552,0.4470000000001164,5.222999999999956,2.4220000000000255,197.21900000000005
32,0.009000000000014552,0.45900000000006,5.382000000000062,2.25200000000018,134.66200000000003
33,0.009999999999990905,0.4639999999999418,5.329000000000178,2.3689999999999145,115.22900000000004
34,0.02800000000002001,0.47900000000004184,5.252999999999929,1.7170000000000982,116.12699999999995
35,0.008999999999787178,0.4659999999998945,5.2650000000001,2.33400000000006,34.77099999999996
36,0.009999999999990905,0.44000000000005457,4.969000000000051,2.324000000000069,60.093000000000075
37,0.007999999999810825,0.4130000000000109,4.846000000000004,2.326999999999998,105.92900000000009
38,0.008000000000038199,0.4329999999999927,4.9340000000001965,2.16599999999994,35.60799999999995
39,0.009000000000014552,0.4049999999999727,4.6310000000000855,2.1790000000000873,66.702
40,0.009999999999990905,0.4299999999998363,4.803000000000111,2.211999999999989,28.031000000000176
41,0.013000000000000123,0.5209999999999999,5.0120000000000005,2.3470000000000004,55.015
42,0.012999999999991019,0.48400000000000887,5.474000000000004,2.527000000000001,64.854
43,0.030000000000001137,0.4730000000000132,5.3840000000000146,2.4320000000000164,83.15200000000002
44,0.009999999999990905,0.46699999999998454,5.257000000000005,2.358000000000004,32.32400000000001
45,0.008000000000038199,0.4449999999999932,5.069999999999993,2.4639999999999986,35.752999999999986
46,0.007999999999981355,0.4390000000000214,5.0330000000000155,2.363999999999976,91.46600000000001
47,0.009000000000014552,0.46800000000001774,5.3980000000000246,2.4429999999999836,43.303999999999974
48,0.009000000000014552,0.44599999999996953,5.182999999999993,2.4399999999999977,56.992000000000075
49,0.014000000000010004,0.46899999999993724,5.3659999999999854,1.9239999999999782,54.58899999999994
50,0.009999999999990905,0.44700000000000273,5.251999999999953,2.3719999999999573,50.816999999999894
51,0.009999999999990905,0.44700000000000273,5.080000000000041,2.44500000000005,65.26699999999994
52,0.009000000000014552,0.45899999999994634,5.315999999999917,2.4950000000000045,44.97500000000002
53,0.009999999999990905,0.4519999999999982,5.213999999999942,2.5720000000000027,104.144
54,0.009000000000014552,0.47100000000000364,5.47300000000007,2.4300000000000637,32.19500000000005
55,0.009999999999990905,0.45799999999997,5.240000000000009,2.1230000000000473,132.43499999999995
56,0.009999999999990905,0.47499999999990905,5.3400000000001455,2.393000000000029,39.97199999999998
57,0.009999999999990905,0.4410000000000309,5.335000000000036,2.37700000000018,45.33199999999988
58,0.010999999999967258,0.4270000000001346,4.941000000000031,1.7740000000001146,147.78999999999996
59,0.009999999999990905,0.4559999999999036,5.350999999999885,2.4600000000000364,50.28800000000001
60,0.009999999999990905,0.45900000000006,5.307999999999993,2.589000000000169,30.654999999999973
61,0.014999999999999902,0.5449999999999999,5.215,2.3470000000000004,49.241
62,0.012000000000000455,0.47700000000000387,5.454000000000001,2.478999999999999,98.642
63,0.00899999999998613,0.45400000000000773,5.410000000000025,2.475999999999999,140.177
64,0.010999999999967258,0.46500000000003183,5.391999999999996,1.9969999999999573,187.66700000000003
65,0.009000000000014552,0.4230000000000018,4.8969999999999345,2.132000000000062,27.043999999999983
66,0.010999999999967258,0.4780000000000655,5.071000000000026,1.4769999999999754,155.81799999999998
67,0.009999999999990905,0.4209999999999354,4.947000000000003,1.2910000000000537,51.05499999999995
68,0.010999999999967258,0.4799999999999045,4.75,2.1389999999998963,112.77300000000002
69,0.010000000000104592,0.5009999999999764,5.138000000000034,2.1779999999999973,112.24300000000005
70,0.009999999999990905,0.5009999999999764,4.8799999999999955,2.105000000000018,89.69999999999993
71,0.009000000000014552,0.4070000000001528,4.725999999999885,2.1130000000000564,48.577
72,0.009999999999990905,0.4700000000000273,4.802000000000135,2.1369999999999436,95.9380000000001
73,0.009000000000014552,0.41000000000008185,4.83199999999988,1.977999999999838,132.635
74,0.009999999999990905,0.5009999999999764,4.897999999999911,2.1219999999998436,137.6940000000002
75,0.009999999999990905,0.41399999999998727,4.759999999999991,2.0679999999999836,89.29600000000005
76,0.024999999999863576,0.42200000000002547,4.899999999999864,2.0850000000000364,88.00799999999981
77,0.009000000000014552,0.4090000000001055,4.714999999999918,2.058999999999969,94.18200000000002
78,0.009000000000014552,0.4700000000000273,4.737999999999829,2.092999999999847,121.13999999999987
79,0.009000000000014552,0.4049999999999727,4.807999999999993,2.0829999999998563,122.51299999999992
80,0.008000000000265572,0.40399999999999636,4.585000000000036,1.9850000000001273,89.81999999999971
81,0.01399999999999979,0.492,4.881,2.1789999999999994,101.703
82,0.01099999999999568,0.47799999999999443,5.36999999999999,2.372,104.63399999999999
83,0.00899999999998613,0.47700000000000387,5.337999999999994,2.3889999999999816,85.535000000000025
84,0.012000000000000455,0.4689999999999941,5.435999999999979,2.4629999999999654,215.20999999999998
85,0.009999999999990905,0.46100000000001273,5.270999999999958,2.413000000000011,76.21900000000005
86,0.009000000000014552,0.4500000000000455,5.234000000000037,2.4809999999999945,125.52499999999998
87,0.009999999999990905,0.4699999999999136,5.366999999999962,2.45799999999997,212.68099999999993
88,0.009000000000014552,0.46299999999996544,5.368000000000052,2.375,60.208999999999946
89,0.01499999999987267,0.4760000000001128,5.462999999999965,2.4019999999998163,143.38799999999992
90,0.009999999999990905,0.4800000000000182,5.5499999999999545,2.466999999999871,24.274000000000115
91,0.009000000000014552,0.44400000000018736,5.254999999999882,2.3919999999998254,149.3699999999999
92,0.014000000000123691,0.47100000000000364,5.40300000000002,2.370999999999867,78.71600000000012
93,0.010999999999967258,0.4980000000000473,5.432999999999993,2.3899999999998727,176.80500000000006
94,0.008000000000038199,0.4779999999998381,5.4529999999999745,2.405999999999949,21.401000000000067
95,0.009000000000014552,0.44399999999996,5.26299999999992,2.4550000000001546,146.50800000000004
96,0.008999999999787178,0.4659999999998945,5.29099999999994,2.3559999999999945,101.83300000000008
97,0.009000000000014552,0.45899999999983265,5.226999999999862,2.2810000000001764,173.19499999999994
98,0.007999999999810825,0.40599999999994907,4.6720000000000255,2.050000000000182,72.22499999999991
99,0.007999999999810825,0.39800000000013824,4.610999999999876,1.9789999999998145,55.57899999999972
100,0.009000000000014552,0.3989999999998872,4.5090000000000146,1.8800000000001091,131.0970000000002
101,0.014000000000000234,0.5390000000000001,4.937,2.2219999999999995,32.643
102,0.012000000000000455,0.48399999999999466,5.009999999999998,2.3300000000000054,164.521
103,0.010000000000019327,0.47400000000001796,5.385999999999996,2.415999999999997,87.77600000000001
104,0.014999999999986358,0.45599999999996044,5.421999999999969,2.4180000000000064,109.055
105,0.011000000000024102,0.46399999999999864,5.364999999999952,2.3559999999999945,129.92100000000005
106,0.029999999999972715,0.47300000000007003,5.383000000000038,2.4420000000000073,77.99000000000001
107,0.010999999999967258,0.4839999999999236,5.629000000000019,2.4809999999999945,108.20400000000006
108,0.012000000000057298,0.5070000000000618,4.880999999999972,2.1639999999999873,30.72499999999991
109,0.010999999999967258,0.46900000000005093,4.579000000000065,2.1259999999999764,122.10199999999998
110,0.009000000000014552,0.4940000000000282,4.74899999999991,2.0639999999999645,75.30399999999997
111,0.009000000000014552,0.5139999999998963,6.328999999999951,2.786999999999807,77.66999999999985
112,0.009999999999990905,0.4919999999999618,4.88799999999992,2.143000000000029,59.86699999999996
113,0.009000000000014552,0.40599999999994907,4.755000000000109,2.0319999999999254,48.804999999999836
114,0.011999999999943611,0.49299999999993815,4.741999999999962,2.2460000000000946,57.72499999999991
115,0.009999999999990905,0.5,6.008000000000038,2.83400000000006,120.27600000000007
116,0.009000000000014552,0.4919999999999618,4.758000000000038,2.086999999999989,32.131999999999834
117,0.009000000000014552,0.3949999999999818,4.653999999999996,2.127999999999929,39.35200000000009
118,0.007999999999810825,0.4019999999998163,5.9220000000000255,2.7929999999998927,24.89799999999991
119,0.009999999999990905,0.45900000000006,5.488000000000056,2.796000000000049,54.08100000000013
120,0.019000000000005457,0.4639999999999418,5.522999999999911,2.5160000000000764,210.06899999999996
121,0.010999999999999677,0.40400000000000036,4.546000000000001,2.0250000000000004,75.624
122,0.012000000000000455,0.4989999999999952,4.828000000000003,2.1709999999999923,67.82700000000001
123,0.012000000000000455,0.4989999999999952,4.90900000000002,2.1430000000000007,102.719
124,0.009999999999990905,0.5289999999999964,4.727000000000032,2.051999999999964,40.22800000000001
125,0.007999999999981355,0.39400000000000546,4.526999999999987,2.04200000000003,67.74899999999997
126,0.007000000000005002,0.40100000000001046,4.673999999999978,1.8310000000000173,103.411
127,0.009000000000014552,0.41399999999998727,4.72199999999998,2.072999999999979,85.77299999999997
128,0.009999999999990905,0.4410000000000309,4.7830000000000155,2.0650000000000546,109.98799999999994
129,0.010999999999967258,0.4249999999999545,4.809999999999945,2.131999999999948,169.93200000000002
130,0.009999999999990905,0.4960000000000946,5.0090000000000146,2.0739999999999554,41.0680000000001
131,0.008000000000038199,0.38999999999998636,4.5219999999999345,2.0610000000000355,136.30600000000004
132,0.009999999999990905,0.4149999999999636,4.81899999999996,2.0989999999999327,143.96800000000007
133,0.010999999999967258,0.5069999999998345,5.020999999999958,2.0750000000000455,156.47199999999998
134,0.010999999999967258,0.5059999999998581,5.044000000000096,2.1649999999999636,101.41200000000003
135,0.009000000000014552,0.42000000000007276,4.726999999999862,2.0570000000000164,119.5150000000001
136,0.009000000000014552,0.41600000000016735,4.6879999999998745,2.058999999999969,64.0139999999999
137,0.007999999999810825,0.3949999999999818,4.615000000000009,1.9860000000001037,16.95900000000006
138,0.009000000000014552,0.38799999999991996,4.25200000000018,1.8689999999999145,58.952
139,0.008999999999787178,0.40899999999987813,4.734000000000151,2.106999999999971,101.02300000000014
140,0.007000000000061846,0.4110000000000582,4.70900000000006,2.0160000000000764,86.9079999999999
141,0.01499999999999968,0.5059999999999998,4.977,2.199,211.452
142,0.01099999999999568,0.47699999999997544,5.405000000000001,2.410999999999973,144.20700000000002
143,0.014999999999986358,0.46800000000001774,5.507000000000005,2.4190000000000396,195.438
144,0.033999999999991815,0.4700000000000273,5.42999999999995,2.2519999999999527,242.22500000000002
145,0.009999999999990905,0.46299999999996544,5.385999999999967,2.436999999999898,67.418
146,0.011000000000080945,0.4479999999999791,5.144999999999982,2.4050000000000864,84.68700000000001
147,0.009999999999990905,0.4600000000000364,5.221000000000004,2.33299999999997,34.986000000000104
148,0.009000000000014552,0.44699999999988904,5.139999999999873,2.4270000000001346,34.07600000000002
149,0.009999999999990905,0.4459999999999127,5.121999999999844,2.296999999999798,55.59999999999991
150,0.015000000000100044,0.43499999999994543,5.170000000000073,2.3840000000000146,58.218000000000075
151,0.010999999999967258,0.4639999999999418,5.222999999999956,2.4459999999999127,194.56200000000013
152,0.01499999999987267,0.47199999999998,5.380000000000109,2.474999999999909,129.66999999999985
153,0.013999999999896318,0.4670000000000982,5.347999999999956,2.3989999999998872,8.873000000000047
154,0.009000000000014552,0.44299999999998363,5.058999999999969,2.34699999999998,41.31899999999996
155,0.015000000000100044,0.45600000000013097,5.13799999999992,2.40300000000002,80.56099999999992
156,0.009000000000014552,0.45100000000002183,5.281999999999925,2.4549999999999272,162.3090000000002
157,0.009000000000014552,0.4600000000000364,5.204999999999927,2.3300000000001546,101.36200000000008
158,0.008000000000038199,0.45600000000013097,5.057999999999993,2.2029999999999745,99.06499999999983
159,0.008000000000265572,0.42399999999997817,4.782000000000153,2.117999999999938,49.11400000000003
160,0.007999999999810825,0.3930000000000291,4.539999999999964,2.0590000000001965,57.940000000000055
161,0.017000000000000348,0.5999999999999996,5.287000000000001,2.497,94.50500000000001
162,0.036000000000001364,0.48599999999999,5.509,2.456000000000003,97.58300000000001
163,0.009999999999990905,0.46599999999997976,5.403999999999996,2.397999999999996,111.774
164,0.009000000000014552,0.5819999999999936,5.61099999999999,2.4260000000000446,107.14700000000005
165,0.014000000000010004,0.4679999999999609,5.440999999999974,2.399000000000001,68.63600000000002
166,0.009999999999990905,0.46500000000003183,5.386000000000081,2.34800000000007,100.45500000000004
167,0.010000000000104592,0.4639999999999418,5.381999999999948,2.25,91.00900000000001
168,0.009999999999990905,0.4739999999999327,5.419999999999959,2.4080000000000155,155.98900000000003
169,0.009000000000014552,0.46699999999998454,5.3940000000000055,2.425000000000068,61.71900000000005
170,0.009000000000014552,0.4639999999999418,5.447000000000003,2.4480000000000928,31.74599999999998
171,0.009999999999990905,0.4420000000000073,5.112999999999943,2.4009999999999536,107.24000000000001
172,0.009999999999990905,0.47499999999990905,5.370000000000118,2.4220000000000255,112.22500000000014
173,0.009999999999990905,0.4660000000001219,5.310999999999922,2.4069999999999254,74.31799999999998
174,0.010999999999967258,0.4739999999999327,5.294000000000096,2.41800000000012,188.7059999999999
175,0.009999999999990905,0.4819999999999709,5.488000000000056,2.4420000000000073,85.30899999999997
176,0.009999999999990905,0.47200000000020736,5.578999999999951,2.47400000000016,24.511999999999944
177,0.009999999999990905,0.4570000000001073,5.1440000000000055,2.4329999999999927,136.72199999999998
178,0.011999999999943611,0.47100000000000364,5.370999999999867,2.400000000000091,232.49400000000014
179,0.009000000000014552,0.5370000000000346,5.09900000000016,2.270999999999958,123.28600000000006
180,0.008000000000265572,0.41800000000012005,4.73700000000008,2.0419999999999163,51.20999999999958
181,0.0129999999999999,0.4850000000000003,4.562000000000001,2.003,33.900999999999996
182,0.011000000000002785,0.48499999999999943,4.759,2.0849999999999937,20.601
183,0.012000000000000455,0.48399999999999466,5.203000000000003,2.3470000000000084,93.564
184,0.007999999999981355,0.47999999999998977,5.402999999999992,2.434000000000026,34.297
185,0.01099999999999568,0.4550000000000125,5.162000000000006,2.437999999999988,145.83300000000003
186,0.011000000000024102,0.4830000000000041,5.678999999999974,2.5019999999999527,58.855999999999995
187,0.009999999999990905,0.4449999999999932,5.073999999999955,2.400000000000034,124.964
188,0.01599999999996271,0.47900000000004184,5.4640000000000555,2.586999999999989,186.404
189,0.009999999999990905,0.4720000000000937,5.375999999999976,2.3940000000000055,164.42399999999998
190,0.009000000000014552,0.4639999999999418,5.469000000000051,2.4429999999999836,33.80499999999995
191,0.014999999999986358,0.43600000000003547,5.045999999999935,2.3940000000000055,70.77200000000005
192,0.008999999999787178,0.46100000000001273,5.210000000000036,2.4500000000000455,27.395999999999958
193,0.009999999999990905,0.45600000000013097,5.2000000000000455,2.3789999999999054,113.47000000000003
194,0.009000000000014552,0.5520000000001346,5.467999999999847,2.3519999999998618,90.22500000000014
195,0.008000000000038199,0.47299999999995634,5.351000000000113,2.3920000000000528,36.763999999999896
196,0.009999999999990905,0.46100000000001273,5.288999999999987,2.3530000000000655,119.6590000000001
197,0.009999999999990905,0.48500000000012733,5.561999999999898,2.5470000000000255,55.537000000000035
198,0.009000000000014552,0.4600000000000364,5.355000000000018,2.49799999999982,46.12299999999982
199,0.009999999999990905,0.4700000000000273,5.453999999999951,2.5179999999998017,38.47799999999984
200,0.009000000000014552,0.4539999999999509,5.29099999999994,2.522000000000162,40.13300000000004
201,0.015000000000000124,0.5149999999999997,4.963,1.7509999999999994,96.656
202,0.01099999999999568,0.487000000000009,5.2549999999999955,2.430000000000007,155.82899999999998
203,0.009999999999990905,0.47100000000000364,5.444999999999993,2.4540000000000077,221.663
204,0.009999999999990905,0.4590000000000032,5.349999999999966,2.40300000000002,193.30900000000003
205,0.009000000000014552,0.45900000000006,5.335999999999899,2.3759999999999764,49.03699999999992
206,0.010999999999967258,0.44400000000007367,5.114000000000033,2.399000000000001,55.423
207,0.009000000000014552,0.4319999999999027,5.052999999999997,2.383999999999901,101.606
208,0.009000000000014552,0.46900000000005093,5.2590000000000146,2.380999999999972,58.742000000000075
209,0.008000000000038199,0.4410000000000309,5.095000000000027,2.423000000000002,152.34400000000005
210,0.008000000000038199,0.4660000000001219,5.333000000000084,2.394999999999982,49.14300000000003
211,0.009000000000014552,0.4379999999998745,5.120999999999867,2.4260000000001583,74.23900000000003
212,0.010000000000218279,0.45499999999992724,5.3120000000001255,2.3789999999999054,73.18999999999983
213,0.009000000000014552,0.45400000000017826,5.189000000000078,2.3579999999999472,42.778999999999996
214,0.010999999999967258,0.4860000000001037,5.630000000000109,2.4069999999999254,67.721
215,0.009999999999990905,0.4579999999998563,5.1340000000000146,2.40300000000002,65.48299999999995
216,0.03199999999992542,0.46099999999978536,5.204999999999927,2.4930000000001655,123.721
217,0.009000000000014552,0.4670000000000982,5.317999999999984,2.4060000000001764,36.40599999999995
218,0.009999999999990905,0.4500000000000455,5.076000000000022,2.40300000000002,39.1880000000001
219,0.010999999999967258,0.45900000000006,5.1159999999999854,2.4279999999998836,90.24399999999991
220,0.009000000000014552,0.46100000000001273,5.254999999999882,2.3250000000000455,81.06700000000001
221,0.01399999999999979,0.5169999999999999,5.014,2.1980000000000004,141.59099999999998
222,0.01300000000000523,0.4819999999999993,5.445999999999998,2.4000000000000057,192.00800000000004
223,0.009999999999990905,0.47399999999998954,5.463000000000022,2.437000000000012,41.21100000000001
224,0.012000000000000455,0.45999999999997954,5.367999999999995,2.4010000000000105,93.20499999999998
225,0.009000000000014552,0.46800000000001774,5.3840000000000146,2.3309999999999604,142.69799999999998
226,0.009000000000014552,0.4699999999999136,5.426000000000045,2.407000000000039,107.23300000000006
227,0.009000000000014552,0.4660000000000082,5.331999999999994,2.352999999999952,162.72900000000004
228,0.010999999999967258,0.4699999999999136,5.29200000000003,2.330000000000041,75.0630000000001
229,0.009999999999990905,0.45299999999997453,5.188000000000102,2.4120000000000346,128.52300000000014
230,0.009000000000014552,0.46100000000001273,5.33199999999988,2.383000000000038,137.53999999999996
231,0.014000000000123691,0.46699999999987085,5.439999999999827,2.4139999999999873,54.63200000000006
232,0.010999999999967258,0.5020000000001801,5.475999999999885,2.481999999999971,27.87799999999993
233,0.009000000000014552,0.4550000000001546,5.509999999999991,2.303000000000111,12.076000000000022
234,0.03300000000012915,0.44800000000009277,5.110999999999876,2.3460000000000036,253.24299999999994
235,0.01700000000005275,0.47700000000008913,5.480000000000018,2.4760000000001128,85.46399999999994
236,0.009000000000014552,0.4700000000000273,5.414999999999964,2.397000000000162,27.086000000000013
237,0.009000000000014552,0.44600000000014006,5.210000000000036,2.411000000000058,121.029
238,0.009000000000014552,0.4739999999999327,5.167000000000144,2.2919999999999163,167.33500000000004
239,0.009000000000014552,0.4130000000000109,4.762000000000171,2.036000000000058,42.77799999999979
240,0.008000000000265572,0.38999999999987267,4.4909999999999854,1.9110000000000582,51.745000000000346
241,0.014000000000000234,0.5139999999999993,4.992999999999999,2.1980000000000004,135.10299999999998
242,0.012000000000000455,0.49100000000001387,5.498999999999995,2.4499999999999886,69.839
243,0.009000000000014552,0.4689999999999941,5.405000000000001,2.4390000000000214,100.63600000000002
244,0.008999999999957708,0.4749999999999659,5.495999999999981,2.444999999999993,51.666
245,0.011000000000024102,0.4619999999999891,5.324999999999989,2.4329999999999927,119.51599999999996
246,0.009000000000014552,0.46299999999996544,5.30600000000004,2.3330000000000837,184.976
247,0.014000000000010004,0.4519999999999982,5.360000000000014,2.3829999999999245,198.168
248,0.009999999999990905,0.45699999999999363,5.298000000000002,2.363999999999919,141.59300000000007
249,0.010999999999967258,0.4730000000001837,5.388999999999896,2.47199999999998,71.64900000000011
250,0.009999999999990905,0.45299999999997453,5.384999999999991,2.5190000000000055,77.28700000000003
251,0.009999999999990905,0.45499999999992724,5.176000000000158,2.321999999999889,189.5849999999998
252,0.009000000000014552,0.4639999999999418,5.371000000000095,2.3810000000000855,58.113000000000056
253,0.009999999999990905,0.4539999999999509,5.1159999999999854,2.3980000000001382,81.0340000000001
254,0.009999999999990905,0.4630000000001928,5.305000000000064,2.393000000000029,98.78999999999996
255,0.009000000000014552,0.4650000000001455,5.375,2.425000000000182,87.24199999999996
256,0.009000000000014552,0.4699999999997999,5.414999999999964,2.4700000000000273,59.298
257,0.008999999999787178,0.4420000000000073,5.048999999999978,2.4160000000001673,38.76499999999987
258,0.009999999999990905,0.43499999999994543,5.206000000000131,2.3610000000001037,33.22699999999986
259,0.009000000000014552,0.4410000000000309,4.878000000000156,2.33199999999988,74.36699999999996
260,0.009000000000014552,0.4600000000000364,5.114000000000033,2.2490000000000236,66.36499999999978
261,0.01499999999999968,0.5489999999999995,5.063999999999999,2.2319999999999993,46.101000000000006
262,0.012000000000000455,0.47100000000000364,5.267999999999994,2.1710000000000065,96.077
263,0.00899999999998613,0.47100000000000364,5.538000000000011,2.483000000000004,72.452
264,0.009999999999990905,0.45599999999998886,5.465000000000003,2.5060000000000002,25.220999999999975
265,0.007000000000005002,0.4409999999999741,5.116999999999962,2.413000000000011,17.591000000000008
266,0.009999999999990905,0.4490000000000123,5.145999999999958,2.386000000000024,142.199
267,0.009000000000014552,0.4730000000000132,5.3139999999999645,2.396000000000015,43.132000000000005
268,0.008999999999957708,0.44299999999998363,5.010999999999967,2.3980000000000246,202.231
269,0.009000000000014552,0.4600000000000364,5.346000000000004,2.3619999999999663,23.966999999999985
270,0.009999999999990905,0.4339999999999691,4.97199999999998,2.397000000000048,51.105999999999995
271,0.009000000000014552,0.4459999999999127,5.058999999999969,2.34800000000007,39.480999999999995
272,0.008999999999900865,0.43899999999996453,5.003999999999905,2.368000000000052,176.84100000000012
273,0.009000000000014552,0.4739999999999327,5.453999999999951,2.285000000000082,45.016000000000076
274,0.009999999999990905,0.4479999999998654,5.109000000000151,2.4020000000000437,117.73500000000013
275,0.010999999999967258,0.4839999999999236,5.688999999999851,2.491000000000213,140.80700000000002
276,0.009999999999990905,0.48299999999994725,5.482999999999947,2.4809999999999945,76.97700000000009
277,0.009999999999990905,0.5,5.6590000000001055,2.474999999999909,35.52999999999997
278,0.009999999999990905,0.44000000000005457,5.292000000000144,2.558999999999969,33.97600000000011
279,0.009999999999990905,0.44099999999980355,5.107999999999947,2.4139999999999873,88.2489999999998
280,0.009000000000014552,0.4680000000000746,5.44399999999996,2.4480000000000928,200.346
281,0.013999999999999346,0.5199999999999996,5.020999999999999,2.1910000000000007,138.562
282,0.012000000000000455,0.49500000000000455,5.429000000000002,2.4339999999999975,103.35800000000003
283,0.009000000000014552,0.47399999999998954,5.317000000000007,2.408999999999992,185.90800000000002
284,0.009000000000014552,0.4700000000000273,5.331999999999994,2.3780000000000427,33.28899999999999
285,0.010000000000047748,0.4490000000000123,4.997000000000014,2.3559999999999945,87.58099999999996
286,0.014000000000010004,0.5449999999999591,5.2549999999999955,2.355000000000018,55.23100000000011
287,0.009000000000014552,0.4410000000000309,5.090000000000032,2.3869999999999436,156.0490000000001
288,0.009999999999990905,0.5439999999999827,5.1580000000000155,2.302000000000021,48.480999999999995
289,0.009999999999990905,0.43600000000003547,5.291000000000054,2.3770000000000664,92.80400000000009
290,0.009000000000014552,0.46699999999998454,5.247000000000071,2.3210000000000264,48.04799999999989
291,0.009999999999990905,0.44699999999988904,5.072999999999865,2.375,40.444999999999936
292,0.009999999999990905,0.43200000000001637,5.101999999999862,1.6699999999998454,168.22399999999993
293,0.010999999999967258,0.4630000000001928,5.210000000000036,1.7509999999999764,230.9430000000002
294,0.009999999999990905,0.47199999999998,5.4249999999999545,2.423000000000002,225.44900000000007
295,0.009000000000014552,0.46900000000005093,5.338000000000193,2.394999999999982,105.57500000000005
296,0.009000000000014552,0.4619999999999891,5.2409999999999854,2.3170000000000073,157.19900000000007
297,0.009999999999990905,0.45699999999987995,5.154999999999973,1.8109999999999218,98.32299999999987
298,0.007000000000061846,0.40399999999999636,4.768000000000029,2.048999999999978,33.399999999999636
299,0.007000000000061846,0.3910000000000764,4.471000000000004,2.07300000000032,36.80799999999999
300,0.009000000000014552,0.3949999999999818,4.439000000000306,2.0650000000000546,71.94000000000005
301,0.015000000000000568,0.5730000000000004,5.252999999999999,2.5890000000000004,30.92
302,0.014999999999993463,0.5180000000000007,5.459000000000003,2.661999999999999,110.781
303,0.009999999999990905,0.4759999999999991,5.388000000000005,2.3700000000000045,76.23500000000001
304,0.009999999999990905,0.41499999999999204,4.8419999999999845,2.1469999999999914,149.017
305,0.009000000000014552,0.4119999999999777,4.829999999999984,2.149000000000001,25.215000000000032
306,0.010000000000047748,0.48099999999999454,4.654999999999973,2.0039999999999623,40.34300000000002
307,0.009999999999990905,0.48799999999999955,4.97199999999998,2.066000000000031,63.369000000000085
308,0.014000000000010004,0.5009999999999764,4.673999999999978,2.064000000000078,144.99699999999996
309,0.03200000000003911,0.4980000000000473,4.838000000000079,2.08400000000006,95.19799999999998
310,0.009000000000014552,0.4189999999999827,4.884999999999991,2.127999999999929,87.49400000000003
311,0.009000000000014552,0.5199999999999818,5.087999999999965,2.1280000000000427,42.81700000000001
312,0.009999999999990905,0.4700000000000273,4.667999999999893,2,59.805999999999926
313,0.009000000000014552,0.4049999999999727,5.132000000000062,2.3070000000000164,22.71400000000017
314,0.008999999999787178,0.3930000000000291,4.458999999999833,2.0729999999998654,34.46600000000012
315,0.007999999999810825,0.3949999999999818,4.593000000000075,2.104000000000042,51.20499999999993
316,0.009999999999990905,0.5289999999999964,5.220000000000027,2.0979999999999563,68.14200000000005
317,0.007000000000061846,0.40399999999999636,4.732000000000198,2.119999999999891,57.055000000000064
318,0.009000000000014552,0.39400000000000546,4.639000000000124,2.2239999999999327,60.205999999999904
319,0.009999999999990905,0.41000000000008185,4.658999999999878,2.0909999999998945,147.07799999999997
320,0.009999999999990905,0.42899999999985994,5.133999999999787,2.1140000000000327,146.36099999999988
321,0.014000000000000234,0.5659999999999998,5.478000000000001,2.6149999999999984,30.607
322,0.012000000000000455,0.4860000000000042,5.363999999999997,2.4819999999999993,175.096
323,0.01099999999999568,0.46000000000000796,5.376999999999981,2.455999999999989,27.057999999999964
324,0.009999999999990905,0.4379999999999882,5.123000000000047,2.4840000000000373,90.88299999999998
325,0.009000000000014552,0.46500000000003183,5.288000000000011,2.3659999999999854,146.52800000000002
326,0.009999999999990905,0.46699999999998454,5.553999999999974,2.5,76.08000000000004
327,0.008999999999900865,0.4560000000000173,5.27800000000002,2.3929999999999154,175.97400000000005
328,0.011999999999943611,0.4739999999999327,5.419999999999959,2.4430000000000973,172.26
329,0.008999999999900865,0.47299999999995634,5.564999999999941,2.4279999999999973,63.95999999999992
330,0.009000000000014552,0.4600000000000364,5.301999999999907,2.606999999999971,61.47900000000004
331,0.009000000000014552,0.52800000000002,5.116999999999962,2.6340000000000146,76.58100000000013
332,0.009999999999990905,0.5029999999999291,6.063999999999851,2.480000000000018,97.09699999999998
333,0.009000000000014552,0.4539999999999509,5.2159999999998945,2.3760000000002037,56.169999999999845
334,0.026999999999816282,0.4479999999998654,5.057000000000016,2.377999999999929,48.98500000000013
335,0.009999999999990905,0.44400000000018736,5.125999999999976,1.4780000000000655,50.037000000000035
336,0.008000000000038199,0.4270000000001346,4.870999999999867,2.2390000000000327,54.58600000000001
337,0.009999999999990905,0.46100000000001273,5.18100000000004,2.469000000000051,35.46100000000001
338,0.009000000000014552,0.4379999999998745,5.039999999999964,2.3530000000000655,131.15699999999993
339,0.009999999999990905,0.5370000000000346,5.272999999999911,2.2739999999998872,192.9380000000001
340,0.008000000000038199,0.43800000000010186,5.057999999999993,2.2409999999999854,15.882000000000062
341,0.016000000000000014,0.5419999999999998,5.002000000000001,2.1980000000000004,116.827
342,0.012000000000000455,0.4749999999999943,5.349999999999994,2.372000000000014,120.22599999999997
343,0.009999999999990905,0.478999999999985,5.448999999999955,2.369000000000028,102.35999999999996
344,0.013000000000033651,0.48799999999999955,5.5400000000000205,2.4540000000000077,43.57499999999999
345,0.009000000000014552,0.4359999999999786,5.010000000000048,2.337000000000046,144.599
346,0.009999999999990905,0.46500000000003183,5.370999999999981,2.4279999999999973,56.14999999999998
347,0.009999999999990905,0.4500000000000455,5.022000000000048,2.274000000000001,133.659
348,0.009999999999990905,0.4640000000000555,5.259999999999991,2.3360000000000127,170.135
349,0.010000000000104592,0.45699999999999363,5.330999999999904,2.326000000000022,121.78999999999996
350,0.009000000000014552,0.47299999999995634,5.330999999999904,2.3890000000001237,143.28600000000006
351,0.009999999999990905,0.45600000000013097,5.221000000000004,2.3539999999998145,32.10699999999997
352,0.009999999999990905,0.4470000000001164,5.364000000000033,2.2889999999999873,49.8449999999998
353,0.009999999999990905,0.44899999999984175,5.128000000000156,2.45699999999988,29.770999999999958
354,0.009999999999990905,0.4680000000000746,5.143000000000029,2.4370000000001255,61.27600000000007
355,0.010999999999967258,0.45900000000006,5.225000000000136,2.464999999999918,210.54499999999985
356,0.009999999999990905,0.4700000000000273,5.6030000000000655,2.428000000000111,53.72600000000011
357,0.009000000000014552,0.45900000000006,5.3400000000001455,2.451999999999998,73.61899999999991
358,0.009999999999990905,0.5330000000001291,5.265999999999849,2.423000000000002,226.93200000000002
359,0.009000000000014552,0.5360000000000582,4.979000000000042,2.18100000000004,42.46299999999974
360,0.008000000000265572,0.3910000000000764,4.505999999999858,2.0799999999999272,76.1880000000001
361,0.016000000000000014,0.5250000000000004,5.053,2.180999999999999,214.632
362,0.03499999999999659,0.48099999999999454,5.545999999999992,2.4399999999999977,81.40199999999999
363,0.011000000000024102,0.5480000000000018,5.461999999999989,2.4729999999999563,224.293
364,0.009000000000014552,0.47100000000000364,5.3659999999999854,2.421000000000049,25.322000000000003
365,0.008000000000038199,0.43600000000003547,5.116999999999962,2.424000000000092,134.356
366,0.009999999999990905,0.46899999999993724,5.322999999999979,2.413000000000011,33.097000000000094
367,0.009000000000014552,0.4399999999999409,4.928000000000111,2.3139999999999645,28.262000000000057
368,0.009999999999990905,0.4209999999999354,4.913000000000011,2.302000000000021,121.66300000000001
369,0.009000000000014552,0.4639999999999418,5.265999999999963,2.3559999999999945,24.184000000000083
370,0.014000000000010004,0.4259999999999309,4.963999999999942,2.3209999999999127,43.490999999999985
371,0.009999999999990905,0.44700000000000273,5.138000000000034,2.3649999999998954,61.57399999999984
372,0.009999999999990905,0.4539999999999509,5.152000000000044,2.4710000000000036,38.840999999999894
373,0.009999999999990905,0.4519999999999982,5.079999999999927,2.408000000000129,118.09000000000015
374,0.011999999999943611,0.47100000000000364,5.4220000000000255,2.5009999999999764,64.8610000000001
375,0.010999999999967258,0.4539999999999509,5.116000000000213,2.397999999999911,208.02400000000011
376,0.009999999999990905,0.47299999999995634,5.413000000000011,2.4090000000001055,182.28500000000008
377,0.009000000000014552,0.4619999999999891,5.317999999999984,2.3869999999999436,202.94500000000016
378,0.010999999999967258,0.4600000000000364,5.157000000000153,2.298999999999978,111.33400000000006
379,0.012000000000170985,0.44000000000005457,4.9529999999999745,2.1840000000001965,61.86400000000003
380,0.009000000000014552,0.39700000000038926,4.619000000000142,2.1230000000000473,58.340999999999894
381,0.01499999999999968,0.5860000000000003,5.07,2.2009999999999987,134.44
382,0.01099999999999568,0.48599999999999,5.439999999999998,2.4250000000000114,135.62300000000002
383,0.008999999999957708,0.46999999999997044,5.403999999999996,2.4350000000000023,43.636000000000024
384,0.009999999999990905,0.44999999999998863,5.149999999999977,1.410000000000025,129.253
385,0.009000000000014552,0.5649999999999977,5.281000000000006,2.343999999999994,188.44399999999996
386,0.009000000000014552,0.47900000000004184,5.533999999999992,2.490000000000009,98.44099999999992
387,0.009999999999990905,0.4560000000000173,5.356999999999971,2.394999999999982,109.65600000000006
388,0.010000000000104592,0.46500000000003183,5.309999999999945,2.3530000000000655,58.194000000000074
389,0.011000000000080945,0.4420000000000073,5.126999999999953,1.8479999999999563,92.13999999999987
390,0.009999999999990905,0.47199999999998,5.442999999999984,2.43100000000004,41.44100000000003
391,0.009000000000014552,0.4539999999999509,5.253000000000156,2.4459999999999127,107.65699999999993
392,0.01499999999987267,0.4759999999998854,5.444999999999936,2.451999999999998,115.04300000000012
393,0.009000000000014552,0.4739999999999327,5.468999999999824,2.464999999999918,88.72600000000011
394,0.009000000000014552,0.47199999999998,5.5219999999999345,2.339999999999918,27.74799999999982
395,0.009999999999990905,0.4500000000000455,5.241999999999962,2.3530000000000655,96.40000000000009
396,0.009000000000014552,0.47299999999995634,5.7280000000000655,2.4830000000001746,226.3989999999999
397,0.009000000000014552,0.4680000000000746,5.444999999999936,2.421999999999798,67.97399999999993
398,0.014000000000123691,0.4420000000000073,5.045000000000073,2.3510000000001128,54.059999999999945
399,0.007999999999810825,0.42699999999990723,4.783000000000129,2.31899999999996,52.011000000000195
400,0.009000000000014552,0.4179999999998927,5.035000000000082,2.3810000000000855,24.373000000000275
401,0.013999999999999346,0.5209999999999999,5.3919999999999995,2.6359999999999992,28.103
402,0.014000000000002899,0.5290000000000035,5.894999999999996,2.4180000000000064,76.261
403,0.009999999999990905,0.46000000000000796,5.271000000000015,2.4480000000000075,154.642
404,0.012000000000000455,0.47200000000003683,5.721000000000004,2.4139999999999873,178.774
405,0.009999999999990905,0.4730000000000132,5.4879999999999995,2.4110000000000014,168.48200000000003
406,0.009999999999990905,0.47199999999998,5.440000000000055,2.4330000000001064,28.885999999999967
407,0.009999999999990905,0.44299999999998363,5.326999999999998,2.4360000000000355,50.803999999999974
408,0.009000000000014552,0.4560000000000173,5.203000000000088,2.4420000000000073,165.361
409,0.010999999999967258,0.4660000000000082,5.222999999999956,2.4080000000000155,25.87900000000002
410,0.009000000000014552,0.45299999999997453,5.048000000000002,2.370999999999981,175.20299999999997
411,0.009999999999990905,0.4670000000000982,5.413999999999987,2.451999999999998,119.57600000000002
412,0.009999999999990905,0.4860000000001037,5.4780000000000655,2.441000000000031,181.43700000000013
413,0.009999999999990905,0.48900000000003274,5.468000000000075,2.453999999999951,164.99599999999987
414,0.009000000000014552,0.4819999999999709,5.5219999999999345,2.5150000000001,31.07199999999989
415,0.009999999999990905,0.4500000000000455,5.315000000000055,2.3659999999999854,274.75199999999995
416,0.009999999999990905,0.46400000000016917,5.214999999999918,2.352000000000089,32.84400000000005
417,0.009999999999990905,0.4230000000000018,4.796000000000049,2.288000000000011,42.33999999999992
418,0.009000000000014552,0.5,4.777000000000044,2.224999999999909,102.45900000000029
419,0.007999999999810825,0.4170000000003711,4.863000000000284,2.0899999999996908,128.84100000000035
420,0.009000000000014552,0.40200000000004366,4.458000000000084,1.8960000000001855,84.30899999999974
421,0.014000000000000234,0.5369999999999999,5.443000000000001,2.5920000000000005,44.687
422,0.012000000000000455,0.48100000000000165,5.330999999999996,2.510000000000005,155.03300000000002
423,0.009000000000014552,0.4620000000000175,5.275000000000006,2.3499999999999943,52.73800000000003
424,0.009000000000014552,0.4420000000000073,5.036000000000001,2.336999999999989,40.00999999999999
425,0.008999999999957708,0.4409999999999741,5.040999999999997,2.3319999999999936,107.69400000000002
426,0.009000000000014552,0.4660000000000082,5.31899999999996,2.382000000000005,52.543000000000006
427,0.012000000000000455,0.45100000000002183,5.121000000000038,2.4600000000000364,240.65300000000002
428,0.009000000000014552,0.4619999999999891,5.310000000000059,2.379000000000019,22.899
429,0.009999999999990905,0.45299999999997453,5.038000000000011,2.4809999999999945,184.08500000000004
430,0.010999999999967258,0.47300000000007003,5.3840000000000146,2.405999999999949,68.2170000000001
431,0.009999999999990905,0.4450000000001637,5.192999999999984,2.4220000000000255,38.75
432,0.010999999999967258,0.4530000000002019,5.166999999999916,2.4049999999999727,83.95499999999993
433,0.02800000000002001,0.4750000000001364,5.394999999999982,2.660000000000082,67.89100000000008
434,0.011999999999943611,0.4519999999999982,5.092999999999847,2.395999999999958,225.42000000000007
435,0.009999999999990905,0.4550000000001546,5.219000000000051,2.3710000000000946,182.57899999999995
436,0.008999999999787178,0.4420000000000073,5.138999999999896,2.3759999999999764,58.641000000000076
437,0.009999999999990905,0.44399999999996,5.060999999999922,2.4670000000000982,82.59300000000007
438,0.009000000000014552,0.43000000000006366,4.998000000000047,2.20900000000006,152.20000000000005
439,0.008000000000038199,0.48499999999989996,4.675999999999931,2.022999999999911,63.539999999999736
440,0.007999999999810825,0.4070000000001528,4.7409999999999854,2.1029999999996107,87.89299999999957
441,0.011999999999999567,0.492,4.701,2.064,101.801
442,0.012000000000000455,0.42900000000000205,4.783000000000001,1.6479999999999961,154.608
443,0.01999999999998181,0.5370000000000346,6.110000000000014,1.8269999999999982,218.65799999999996
444,0.010000000000047748,0.46800000000001774,5.441000000000031,2.3719999999999573,45.75699999999995
445,0.010999999999967258,0.4490000000000691,5.26400000000001,2.453999999999951,136.46899999999994
446,0.009999999999990905,0.4779999999999518,5.308999999999969,2.414000000000101,145.889
447,0.009999999999990905,0.4660000000000082,5.1720000000000255,2.3740000000000236,118.327
448,0.009999999999990905,0.46699999999998454,5.370999999999981,2.3619999999999663,145.55599999999993
449,0.009999999999990905,0.4880000000000564,5.439000000000078,2.435000000000173,122.731
450,0.009000000000014552,0.4230000000000018,6.009999999999991,2.8489999999999327,81.70700000000011
451,0.032999999999901775,0.5219999999999345,4.824000000000069,2.086999999999989,138.91100000000006
452,0.009999999999990905,0.47100000000000364,5.250999999999976,2.3859999999999673,53.46799999999985
453,0.010999999999967258,0.46499999999991815,5.017000000000053,2.3580000000001746,48.172000000000025
454,0.009999999999990905,0.5480000000000018,5.161000000000058,2.3689999999999145,102.81499999999983
455,0.008000000000038199,0.4170000000001437,4.726000000000113,2.0019999999999527,78.12200000000007
456,0.009000000000014552,0.39800000000013824,4.729000000000042,2.1400000000001,44.32999999999993
457,0.011000000000194632,0.46100000000001273,5.619999999999891,2.4710000000000036,28.784000000000106
458,0.010999999999967258,0.47199999999998,5.4099999999998545,2.0920000000000982,59.04600000000005
459,0.010999999999967258,0.46499999999991815,5.003000000000156,2.0809999999999036,58.18900000000008
460,0.008000000000038199,0.39800000000013824,4.492000000000189,2.069999999999709,127.48500000000013
461,0.016000000000000014,0.5649999999999995,5.638,2.6339999999999986,46.736000000000004
462,0.012000000000000455,0.48099999999999454,5.457000000000008,2.4620000000000033,113.29200000000002
463,0.01099999999999568,0.478999999999985,5.522999999999996,2.448999999999984,73.10499999999999
464,0.011000000000024102,0.4619999999999891,5.442000000000007,2.5049999999999955,77.59300000000002
465,0.012999999999976808,0.4530000000000314,5.265000000000043,2.4139999999999873,127.577
466,0.009999999999990905,0.48099999999999454,5.495999999999981,2.5299999999999727,133.23699999999997
467,0.014000000000010004,0.4700000000000273,5.6340000000000146,2.5119999999999436,75.10800000000006
468,0.011000000000080945,0.64600000000007185,5.062999999999988,2.09699999999998,38.129999999999995
469,0.009000000000014552,0.39799999999991087,4.515999999999963,2.0849999999999227,100.495
470,0.007999999999924512,0.4189999999999827,4.823000000000093,2.06899999999996,47.25999999999999
471,0.011999999999943611,0.45499999999992724,4.634999999999991,2.1240000000000236,137.75
472,0.009000000000014552,0.40800000000012915,4.929000000000087,2.0960000000000036,183.9760000000001
473,0.03099999999994907,0.4580000000000837,4.8810000000000855,2.1259999999999764,143.3860000000002
474,0.008000000000038199,0.4230000000000018,4.8250000000000455,2.1110000000001037,98.97199999999998
475,0.010999999999967258,0.49900000000002365,5.842000000000098,2.5850000000000364,40.639000000000124
476,0.009000000000014552,0.4490000000000691,5.033999999999878,2.365000000000009,77.98199999999997
477,0.01499999999987267,0.4660000000001219,5.3250000000000455,2.400000000000091,146.74500000000012
478,0.009000000000014552,0.4580000000000837,5.913999999999987,2.3789999999999054,53.94900000000007
479,0.009999999999990905,0.41600000000016735,4.713999999999942,2.1970000000001164,77.2840000000001
480,0.009000000000014552,0.41099999999983083,4.752999999999929,2.099999999999909,132.6010000000001
481,0.015000000000000568,0.5499999999999989,5.599,2.605999999999998,118.858
482,0.036000000000001364,0.48699999999999477,5.597999999999985,2.408999999999992,210.10799999999998
483,0.009000000000014552,0.46399999999999864,5.316000000000031,2.423999999999978,45.00999999999999
484,0.011000000000024102,0.4420000000000073,5.047999999999945,2.3859999999999673,235.82099999999997
485,0.008999999999900865,0.4639999999999418,5.289999999999964,2.5009999999999764,93.07400000000007
486,0.010999999999967258,0.5180000000000291,5.532000000000039,2.411000000000058,43.50300000000004
487,0.009999999999990905,0.4460000000000264,5.307999999999993,2.45900000000006,25.898000000000025
488,0.010999999999967258,0.4379999999999882,4.981999999999971,2.3210000000000264,159.69299999999998
489,0.010999999999967258,0.46500000000003183,5.357000000000085,2.4009999999999536,82.70400000000006
490,0.009000000000014552,0.4580000000000837,5.282999999999902,2.4629999999999654,112.85699999999997
491,0.010999999999967258,0.46299999999996544,5.307999999999993,2.44399999999996,192.87900000000013
492,0.009000000000014552,0.45600000000013097,5.161000000000058,2.2829999999999018,55.86400000000003
493,0.010000000000218279,0.42399999999997817,4.8840000000000146,2.2670000000000528,104.7840000000001
494,0.014000000000123691,0.4500000000000455,5.204999999999927,2.3059999999998126,113.86400000000003
495,0.009999999999990905,0.4680000000000746,5.301999999999907,2.3400000000001455,96.04500000000007
496,0.009000000000014552,0.43899999999985084,5.028999999999996,2.2280000000000655,67.98800000000006
497,0.015999999999849024,0.4279999999998836,4.95900000000006,2.1639999999999873,135.31100000000015
498,0.008000000000038199,0.39799999999991087,4.701999999999998,2.0670000000000073,44.94599999999991
499,0.007999999999810825,0.40399999999999636,4.746000000000095,2.1089999999999236,115.01299999999992
500,0.006999999999607098,0.38400000000001455,4.355000000000018,1.8849999999997635,140.63300000000027
501,0.01499999999999968,0.5250000000000004,4.715,2.1639999999999997,196.15
502,0.012000000000000455,0.51400000000001,5.271999999999991,2.100999999999999,40.06700000000001
503,0.009000000000014552,0.48099999999999454,4.531000000000006,2.160000000000025,47.16300000000001
504,0.008999999999957708,0.3909999999999627,4.6059999999999945,2.0819999999999936,65.85300000000001
505,0.015000000000043201,0.5039999999999623,4.895999999999958,2.1370000000000005,101.72899999999998
506,0.009999999999990905,0.507000000000005,5.031999999999982,2.059000000000026,153.15900000000005
507,0.010999999999967258,0.4900000000000091,4.841000000000008,2.0300000000000864,55.75300000000004
508,0.008999999999900865,0.3990000000000009,4.509999999999991,2.0599999999999454,154.659
509,0.010999999999967258,0.6739999999999782,4.947000000000003,2.0610000000000355,133.68000000000006
510,0.006999999999948159,0.4840000000000373,4.652000000000044,2.02800000000002,141.54700000000003
511,0.016999999999825377,0.5039999999999054,4.947000000000116,1.9929999999999382,98.01499999999987
512,0.008999999999787178,0.4019999999998163,4.704999999999927,2.0850000000000364,179.55500000000006
513,0.008000000000038199,0.4149999999999636,4.745000000000118,2.1010000000001128,39.11400000000003
514,0.010999999999967258,0.47199999999998,4.885999999999967,2.02599999999984,87.34500000000003
515,0.008000000000038199,0.49299999999993815,4.7999999999999545,2.086999999999989,32.549999999999955
516,0.008000000000038199,0.39599999999995816,4.477000000000089,2.0510000000001583,72.48800000000006
517,0.007000000000061846,0.39000000000010004,4.6590000000001055,2.007000000000062,120.11099999999988
518,0.008000000000038199,0.41399999999998727,4.766000000000076,2.0510000000001583,40.95399999999995
519,0.008000000000038199,0.39400000000000546,4.504000000000133,2.0599999999999454,195.93900000000008
520,0.009000000000014552,0.4010000000002947,4.668999999999869,1.9800000000000182,76.60199999999986
521,0.013999999999999346,0.552999999999999,5.5120000000000005,2.648999999999999,63.08800000000001
522,0.01100000000000989,0.4789999999999992,5.548000000000002,2.513999999999996,57.81200000000001
523,0.012000000000000455,0.5879999999999939,5.701999999999998,2.454999999999984,109.05100000000002
524,0.010999999999967258,0.47800000000000864,5.8209999999999695,2.2339999999999804,142.78900000000004
525,0.009000000000014552,0.4759999999999991,5.4360000000000355,2.4179999999999495,100.97000000000003
526,0.009000000000014552,0.46699999999998454,5.5610000000000355,2.397000000000048,58.928999999999974
527,0.009999999999990905,0.4600000000000364,5.2450000000000045,2.4610000000000127,104.875
528,0.010999999999967258,0.5199999999999818,5.5049999999999955,2.4480000000000928,41.55000000000007
529,0.009999999999990905,0.4459999999999127,5.2269999999999754,2.43100000000004,130.52700000000004
530,0.009000000000014552,0.4680000000000746,5.283999999999992,2.4260000000000446,50.60800000000006
531,0.009000000000014552,0.5310000000000628,5.144999999999982,2.2719999999999345,232.37
532,0.011999999999943611,0.5150000000001,5.766000000000076,2.1769999999999072,313.365
533,0.028999999999996362,0.47499999999990905,5.5069999999998345,2.0069999999998345,270.13199999999983
534,0.010999999999967258,0.47700000000008913,5.511999999999944,2.286000000000058,83.39799999999991
535,0.009999999999990905,0.4659999999998945,5.295999999999822,2.3740000000000236,117.96299999999997
536,0.009000000000014552,0.4580000000000837,5.217000000000098,2.3700000000001182,44.58499999999981
537,0.009000000000014552,0.41899999999986903,4.701999999999771,2.188999999999851,30.81100000000015
538,0.009000000000014552,0.38599999999996726,4.512000000000171,2.076000000000022,176.32499999999982
539,0.010999999999967258,0.38400000000001455,4.401000000000295,1.875,62.858000000000175
540,0.012000000000170985,0.3710000000000946,4.425000000000182,1.8840000000000146,36.88000000000011
541,0.017000000000001236,0.6140000000000008,5.801,2.6430000000000007,74.136
542,0.012000000000000455,0.5949999999999989,5.457999999999998,2.4369999999999976,44.086
543,0.01099999999999568,0.44300000000001205,5.061000000000007,2.4599999999999795,304.837
544,0.009999999999990905,0.5510000000000446,5.3700000000000045,2.4540000000000077,210.55800000000005
545,0.009000000000014552,0.45699999999999363,5.380999999999972,2.3730000000000473,47.20200000000011
546,0.009999999999990905,0.4479999999999791,5.22300000000007,2.56899999999996,35.82600000000002
547,0.028999999999996362,0.45499999999992724,5.330000000000041,2.4530000000000882,173.34699999999998
548,0.014999999999986358,0.5570000000000164,5.526000000000067,2.365000000000009,109.41899999999987
549,0.010999999999967258,0.5599999999999454,5.433999999999969,2.2949999999998454,130.61900000000014
550,0.009000000000014552,0.4580000000000837,5.412000000000035,2.44399999999996,31.10199999999986
551,0.009999999999990905,0.5220000000001619,5.335000000000036,2.602000000000089,165.03099999999995
552,0.013999999999896318,0.45900000000006,5.2309999999999945,2.4249999999999545,106.08200000000011
553,0.011000000000194632,0.45900000000006,5.3940000000000055,2.407000000000153,161.26499999999987
554,0.009000000000014552,0.4639999999999418,5.310000000000173,2.380999999999858,119.58600000000001
555,0.008000000000038199,0.4350000000001728,5.058999999999969,2.18100000000004,65.02400000000011
556,0.008000000000038199,0.42800000000011096,5.050999999999931,2.1200000000001182,61.24800000000005
557,0.009000000000014552,0.43200000000001637,5.008000000000038,2.206000000000131,41.49800000000005
558,0.009999999999990905,0.46900000000005093,5.054000000000087,2.1569999999999254,30.38200000000029
559,0.009000000000014552,0.3910000000000764,4.557000000000244,2.0599999999999454,87.83500000000004
560,0.008000000000265572,0.38799999999991996,4.708000000000084,2.0479999999997744,47.10500000000002
561,0.018000000000000682,0.593,5.9990000000000006,2.703000000000001,38.254000000000005
562,0.03900000000000148,0.5069999999999979,5.924999999999997,2.5429999999999993,75.537
563,0.012000000000000455,0.4849999999999852,5.453000000000003,2.466000000000008,259.464
564,0.011000000000024102,0.49900000000002365,6.229999999999961,2.451000000000022,79.96699999999998
565,0.009999999999990905,0.4630000000000223,5.399000000000001,2.427000000000021,161.57500000000005
566,0.014000000000010004,0.4619999999999891,5.411000000000058,2.463000000000079,108.356
567,0.009000000000014552,0.4619999999999891,5.3559999999999945,2.451999999999998,95.15600000000006
568,0.009999999999990905,0.48599999999999,5.414999999999964,2.41700000000003,185.53600000000006
569,0.009999999999990905,0.4730000000001837,5.416999999999916,2.41800000000012,222.17399999999998
570,0.009999999999990905,0.4650000000001455,5.4659999999998945,2.453000000000202,70.9369999999999
571,0.01499999999987267,0.6600000000000819,5.777000000000044,2.2469999999998436,61.81399999999985
572,0.008000000000038199,0.3990000000001146,4.7000000000000455,2.1009999999998854,58.914999999999964
573,0.008000000000038199,0.4010000000000673,4.733999999999924,2.0709999999999127,43.51299999999992
574,0.009000000000014552,0.39400000000000546,4.560999999999922,2.060999999999922,97.4559999999999
575,0.008000000000038199,0.4079999999999018,4.69600000000014,2.0709999999999127,34.840999999999894
576,0.009000000000014552,0.38400000000001455,4.555000000000064,2.0289999999999964,85.18600000000015
577,0.009999999999990905,0.47499999999990905,5.198999999999842,1.9659999999998945,58.22000000000003
578,0.008000000000038199,0.39599999999995816,4.495000000000118,2.0299999999999727,79.00300000000016
579,0.009999999999990905,0.49099999999998545,5.127999999999929,2.160999999999831,82.52700000000004
580,0.007999999999810825,0.48800000000028376,4.73700000000008,2.0700000000001637,31.713999999999942
581,0.015000000000000568,0.5690000000000008,5.831000000000001,2.5650000000000013,77.95400000000001
582,0.012000000000000455,0.472999999999999,5.608999999999995,2.51400000000001,61.212999999999994
583,0.009999999999990905,0.4830000000000041,5.433000000000021,2.3760000000000048,19.456000000000017
584,0.01099999999999568,0.4399999999999977,5.236000000000018,2.4809999999999945,90.529
585,0.009999999999990905,0.48599999999999,5.428999999999974,2.4559999999999604,108.04599999999999
586,0.010000000000047748,0.48500000000001364,6.159999999999968,2.44399999999996,80.469
587,0.008999999999957708,0.45699999999999363,5.423000000000002,2.312000000000012,31.03200000000004
588,0.010999999999967258,0.45499999999992724,5.153999999999996,2.4300000000000637,96.09900000000005
589,0.010000000000104592,0.4679999999999609,5.308999999999969,2.3829999999999245,31.400999999999954
590,0.009000000000014552,0.4370000000000118,5.270999999999958,2.413000000000011,33.28800000000001
591,0.010999999999967258,0.45699999999999363,5.439999999999941,1.5600000000000591,214.45500000000004
592,0.010999999999967258,0.4759999999999991,5.3799999999999955,2.3840000000000146,52.196000000000026
593,0.009000000000014552,0.44899999999995543,5.119000000000028,1.7480000000000473,91.10500000000002
594,0.009000000000014552,0.4739999999999327,5.5150000000001,2.38799999999992,52.87900000000013
595,0.009000000000014552,0.43800000000010186,5.011999999999944,2.31899999999996,30.156999999999925
596,0.027000000000043656,0.43699999999989814,5.179000000000087,2.4039999999999964,52.88200000000006
597,0.010000000000218279,0.46499999999991815,5.3270000000002256,2.158999999999878,145.06000000000017
598,0.009999999999990905,0.4650000000001455,5.224999999999909,2.3509999999998854,174.69500000000016
599,0.009000000000014552,0.5480000000000018,5.19600000000014,2.311999999999898,73.44700000000012
600,0.009000000000014552,0.4600000000000364,5.055000000000064,2.3430000000000746,137.40699999999993
601,0.017000000000001236,0.5689999999999991,5.829000000000001,2.548,109.958
602,0.012000000000000455,0.49100000000001387,5.445999999999998,2.444999999999993,71.18799999999999
603,0.009000000000014552,0.4480000000000075,5.1839999999999975,2.4070000000000107,121.68699999999998
604,0.008999999999957708,0.4590000000000032,5.338000000000022,2.447999999999979,32.53899999999999
605,0.009000000000014552,0.4339999999999691,4.96999999999997,2.34699999999998,107.339
606,0.010999999999967258,0.5720000000000027,5.426000000000045,2.4289999999999736,137.54900000000004
607,0.009999999999990905,0.4640000000000555,5.32000000000005,2.4039999999999964,42.408000000000015
608,0.009000000000014552,0.4379999999999882,5.017000000000053,2.3570000000000846,64.36400000000003
609,0.009000000000014552,0.44700000000000273,5.184000000000083,2.47300000000007,125.78999999999996
610,0.009999999999990905,0.5119999999999436,5.552999999999997,2.4669999999999845,204.93900000000008
611,0.009999999999990905,0.49499999999989086,5.598999999999933,2.3890000000001237,79.49800000000005
612,0.010999999999967258,0.5199999999999818,6.352999999999838,2.869999999999891,57.039000000000215
613,0.012000000000170985,0.45499999999992724,5.554999999999836,2.4600000000000364,111.31899999999996
614,0.009999999999990905,0.571999999999889,5.436999999999898,2.32100000000014,112.90000000000009
615,0.009999999999990905,0.4900000000000091,5.576999999999998,2.548000000000002,70.856
616,0.009999999999990905,0.48900000000003274,5.4909999999999854,2.480000000000018,77.3409999999999
617,0.010999999999967258,0.4700000000000273,5.395999999999958,2.47199999999998,46.909000000000106
618,0.009000000000014552,0.45299999999997453,5.33400000000006,2.4780000000000655,116.53800000000001
619,0.009999999999990905,0.47400000000016007,5.373000000000047,2.3689999999999145,46.751000000000204
620,0.02800000000002001,0.44600000000014006,5.177999999999884,2.241999999999962,161.61899999999991
621,0.017000000000001236,0.5790000000000006,5.8919999999999995,2.5500000000000007,39.001000000000005
622,0.012999999999998124,0.5140000000000029,5.741999999999997,2.4819999999999993,158.51800000000003
623,0.009000000000014552,0.46700000000001296,5.387999999999977,2.4039999999999964,193.32799999999997
624,0.009000000000014552,0.4660000000000082,5.418999999999983,2.4110000000000014,46.216999999999985
625,0.008000000000038199,0.4430000000000405,5.182999999999993,2.4669999999999845,20.73599999999999
626,0.012000000000000455,0.45299999999997453,5.182999999999993,2.410000000000082,193.05700000000002
627,0.009999999999990905,0.47199999999998,5.573999999999955,2.436999999999898,71.78099999999995
628,0.011000000000080945,0.46100000000001273,5.213000000000079,2.4260000000000446,239.52600000000007
629,0.009000000000014552,0.47700000000008913,5.537000000000035,2.4370000000001255,48.980999999999995
630,0.009000000000014552,0.44600000000014006,5.057999999999993,2.394999999999982,195.01099999999997
631,0.009000000000014552,0.45699999999987995,5.192000000000007,2.310999999999922,99.52800000000002
632,0.008999999999787178,0.4490000000000691,5.254999999999882,2.370999999999867,200.40100000000007
633,0.009000000000014552,0.4500000000000455,5.244000000000142,2.3910000000000764,50.28600000000006
634,0.009999999999990905,0.43800000000010186,4.990000000000009,2.129000000000133,67.89599999999996
635,0.016000000000076398,0.43800000000010186,5.455999999999904,2.393000000000029,68.30500000000006
636,0.009000000000014552,0.4279999999998836,4.880000000000109,2.201000000000022,110.12900000000013
637,0.012999999999919964,0.4210000000000491,4.962999999999965,2.18100000000004,40.069999999999936
638,0.007999999999810825,0.42699999999990723,4.971000000000004,2.185999999999922,29.707000000000107
639,0.009000000000014552,0.3930000000000291,4.517000000000053,2.078999999999951,79.51299999999992
640,0.010999999999967258,0.4090000000001055,4.742999999999938,2.0400000000004184,10.353000000000065
641,0.019000000000000128,0.6349999999999998,5.926999999999998,2.559000000000001,115.13500000000002
642,0.012000000000000455,0.5829999999999984,5.4080000000000155,2.3830000000000098,40.75699999999998
643,0.009000000000014552,0.4490000000000123,5.308000000000021,1.75,167.49699999999999
644,0.007999999999981355,0.4560000000000173,5.3209999999999695,2.416999999999973,60.72000000000003
645,0.009999999999990905,0.44899999999995543,5.169999999999959,1.823000000000036,54.551000000000045
646,0.007999999999981355,0.4410000000000309,5.153999999999996,2.5009999999999764,48.31200000000001
647,0.009999999999990905,0.44700000000000273,5.1340000000000146,2.386000000000081,110.25
648,0.009000000000014552,0.5590000000000828,5.263000000000034,2.413000000000011,33.36400000000003
649,0.009999999999990905,0.4540000000000646,5.134999999999991,2.4429999999999836,74.11799999999994
650,0.009999999999990905,0.45299999999997453,5.1889999999999645,2.4529999999999745,196.00200000000007
651,0.009999999999990905,0.46699999999998454,5.45900000000006,2.326999999999998,232.50299999999993
652,0.009999999999990905,0.47299999999995634,5.491999999999962,2.30600000000004,151.13699999999994
653,0.008999999999787178,0.4600000000000364,5.298000000000002,2.3640000000000327,47.48700000000008
654,0.008000000000038199,0.4290000000000873,4.951000000000022,2.3179999999999836,124.95499999999993
655,0.010999999999967258,0.47199999999998,5.268000000000029,2.34699999999998,46.22600000000011
656,0.009000000000014552,0.4329999999999927,5.0060000000000855,2.341000000000122,53.153999999999996
657,0.007999999999810825,0.4219999999997981,4.874000000000024,2.298000000000002,97.00500000000011
658,0.009000000000014552,0.4559999999999036,5.218999999999824,2.245999999999867,71.1690000000001
659,0.009000000000014552,0.5119999999999436,4.938000000000102,2.1959999999999127,78.15300000000002
660,0.009000000000014552,0.5019999999999527,4.888999999999896,2.2229999999999563,181.74800000000005
661,0.016000000000000014,0.5759999999999987,5.797000000000001,2.527000000000001,203.607
662,0.013999999999981583,0.7029999999999745,6.092999999999989,2.4259999999999877,103.977
663,0.010999999999967258,0.4549999999999841,5.289000000000044,2.4069999999999823,238.96300000000002
664,0.010999999999967258,0.4660000000000082,5.544999999999959,2.4360000000000355,80.15899999999999
665,0.008000000000038199,0.5339999999999918,5.299000000000092,2.3310000000000173,32.64200000000005
666,0.028999999999996362,0.4479999999999791,5.13900000000001,2.40300000000002,215.3280000000001
667,0.009999999999990905,0.4660000000000082,5.350000000000023,2.4039999999999964,88.50100000000009
668,0.009999999999990905,0.47199999999998,5.461999999999989,2.3099999999999454,200.47800000000007
669,0.01499999999987267,0.45899999999983265,5.237999999999829,1.8859999999999673,89.20900000000006
670,0.014000000000123691,0.45499999999992724,5.204999999999927,2.3479999999999563,57.14899999999989
671,0.009999999999990905,0.48699999999985266,5.419999999999845,2.384999999999991,205.10799999999995
672,0.009999999999990905,0.4760000000001128,5.461999999999989,2.4760000000001128,143.0730000000001
673,0.018000000000029104,0.5009999999999764,5.682999999999993,2.183999999999969,54.322999999999865
674,0.007000000000061846,0.3910000000000764,4.5150000000001,2.0679999999999836,97.93399999999997
675,0.011999999999943611,0.4179999999998927,4.8659999999999854,2.120999999999867,41.74000000000001
676,0.008000000000038199,0.4010000000000673,4.65300000000002,2.076000000000022,98.529
677,0.007999999999810825,0.40599999999994907,4.735000000000127,2.005999999999858,165.84400000000005
678,0.008000000000265572,0.38799999999991996,4.443000000000211,1.906999999999698,35.51800000000003
679,0.007000000000061846,0.36599999999998545,4.248000000000047,1.8899999999998727,23.73299999999972
680,0.008000000000265572,0.36599999999998545,4.279999999999745,1.8769999999999527,36.00199999999995
681,0.019000000000000128,0.5780000000000012,5.885999999999999,2.535,23.133000000000003
682,0.01099999999999568,0.5020000000000024,5.198,2.429000000000002,51.837999999999994
683,0.010000000000005116,0.45300000000000296,5.2620000000000005,2.475999999999999,46.458
684,0.009000000000014552,0.4359999999999786,5.002999999999986,2.461999999999989,142.95499999999998
685,0.008999999999957708,0.5459999999999923,5.275999999999954,2.269999999999982,36.09300000000002
686,0.009000000000014552,0.44299999999998363,5.190999999999974,2.391999999999996,55.59800000000001
687,0.009000000000014552,0.5409999999999968,5.367999999999995,2.4110000000000014,55.35200000000003
688,0.009000000000014552,0.4479999999999791,5.085000000000036,2.4390000000000214,42.138000000000034
689,0.009999999999990905,0.44500000000005,5.265999999999963,2.451999999999998,69.78700000000003
690,0.009999999999990905,0.48599999999999,5.446000000000026,2.4010000000000673,71.55000000000007
691,0.009999999999990905,0.4560000000000173,5.161999999999921,2.381999999999948,83.39099999999996
692,0.028999999999996362,0.4780000000000655,5.511999999999944,2.4909999999999854,51.3180000000001
693,0.009999999999990905,0.4619999999999891,5.331999999999994,1.997000000000071,230.72000000000014
694,0.009000000000014552,0.4700000000000273,5.407000000000153,2.375,23.006000000000085
695,0.010999999999967258,0.44899999999984175,5.29099999999994,2.2940000000000964,141.69399999999996
696,0.010999999999967258,0.4800000000000182,5.442000000000007,2.4700000000000273,174.8549999999998
697,0.009000000000014552,0.4539999999999509,5.122000000000071,2.2260000000001128,69.6099999999999
698,0.009999999999990905,0.4519999999999982,5.298000000000002,2.4379999999998745,136.74699999999984
699,0.009999999999990905,0.44499999999993634,5.085000000000036,2.1849999999999454,80.78499999999985
700,0.009999999999990905,0.4579999999998563,5.281999999999925,2.3860000000001946,49.56099999999992
701,0.01699999999999946,0.5830000000000002,5.897999999999998,2.5180000000000007,54.64200000000001
702,0.010000000000005116,0.4939999999999998,5.353999999999999,2.421999999999997,122.37599999999999
703,0.01099999999999568,0.478999999999985,5.501999999999981,2.453000000000003,105.02699999999999
704,0.009000000000014552,0.4679999999999609,5.326999999999998,2.3770000000000095,18.970000000000027
705,0.009000000000014552,0.4350000000000023,4.8729999999999905,2.4049999999999727,58.16899999999998
706,0.026999999999986812,0.4609999999999559,5.300999999999988,2.3899999999999864,119.08500000000004
707,0.010999999999967258,0.47199999999998,5.5470000000000255,2.0030000000000427,61.329000000000065
708,0.009999999999990905,0.4499999999999318,5.184999999999945,2.4569999999999936,76.20900000000006
709,0.009000000000014552,0.45899999999994634,5.2169999999999845,2.3530000000000655,64.99200000000008
710,0.010000000000104592,0.44700000000000273,5.122000000000071,2.45900000000006,26.648000000000025
711,0.009999999999990905,0.4490000000000691,5.125999999999976,2.4420000000000073,38.881000000000085
712,0.009999999999990905,0.44699999999988904,5.241999999999962,2.451999999999998,159.255
713,0.009999999999990905,0.5439999999999827,5.34699999999998,2.469000000000051,166.4749999999999
714,0.008999999999787178,0.4539999999999509,5.2560000000000855,2.4039999999999964,188.90200000000004
715,0.009000000000014552,0.4619999999999891,5.251999999999953,2.3199999999999363,97.50299999999993
716,0.010999999999967258,0.4619999999999891,5.255000000000109,2.395999999999958,263.9559999999999
717,0.009999999999990905,0.46100000000001273,5.274999999999864,2.3519999999998618,47.81900000000019
718,0.009000000000014552,0.42200000000002547,4.705999999999904,2.2199999999998,33.86299999999983
719,0.008000000000038199,0.41000000000008185,4.667000000000144,2.1900000000000546,95.81899999999996
720,0.014000000000123691,0.4169999999999163,4.851999999999862,2.2230000000001837,87.75999999999976
721,0.01699999999999946,0.5920000000000005,5.935999999999998,2.561,80.959
722,0.012000000000000455,0.4959999999999951,5.466000000000008,2.4269999999999925,59.141000000000005
723,0.027999999999991587,0.45000000000001705,5.271000000000015,2.413000000000011,172.96
724,0.008999999999957708,0.46800000000001774,5.385999999999967,2.4639999999999986,65.19400000000002
725,0.007999999999981355,0.4689999999999941,5.34499999999997,2.408999999999992,20.01400000000001
726,0.008999999999957708,0.4289999999999736,5,2.4470000000000027,144.68200000000002
727,0.009000000000014552,0.45899999999994634,5.305999999999926,2.294999999999959,104.293
728,0.009000000000014552,0.45100000000002183,5.4669999999999845,2.4429999999999836,36.12900000000002
729,0.009999999999990905,0.43600000000003547,5.1469999999999345,2.2659999999999627,226.74599999999998
730,0.009000000000014552,0.46699999999998454,5.430000000000064,2.423000000000002,99.40399999999988
731,0.009000000000014552,0.46900000000005093,5.464999999999918,2.413000000000011,70.25999999999999
732,0.009000000000014552,0.5459999999998217,5.163000000000011,2.316000000000031,35.79899999999998
733,0.009999999999990905,0.45499999999992724,5.164999999999964,2.4190000000000964,54.605999999999995
734,0.009999999999990905,0.47100000000000364,5.249000000000024,1.4710000000000036,75.96000000000004
735,0.009999999999990905,0.4470000000001164,5.145999999999958,2.3769999999999527,26.310999999999922
736,0.008000000000038199,0.4410000000000309,5.326999999999998,2.4329999999999927,36.47600000000011
737,0.009999999999990905,0.4249999999999545,4.913000000000011,2.3070000000000164,165.25
738,0.010000000000218279,0.4619999999999891,5.2719999999999345,2.356999999999971,36.86200000000008
739,0.009999999999990905,0.44299999999998363,5.054000000000087,2.3479999999999563,86.12700000000018
740,0.010999999999967258,0.45699999999987995,5.216000000000122,1.7630000000001473,77.15599999999995
741,0.017999999999998906,0.6079999999999988,5.956000000000001,2.539999999999999,193.761
742,0.01099999999999568,0.46399999999999864,5.426000000000016,2.5100000000000193,48.352000000000004
743,0.009000000000014552,0.4460000000000264,5.062999999999988,2.3640000000000327,142.77800000000002
744,0.009000000000014552,0.47200000000003683,5.498000000000047,2.4499999999999886,127.56599999999997
745,0.011000000000080945,0.4679999999999609,5.427999999999997,2.480000000000018,78.17700000000002
746,0.010999999999967258,0.4630000000000791,5.27800000000002,2.145999999999958,167.49399999999991
747,0.009000000000014552,0.48100000000010823,5.491999999999962,2.3980000000000246,43.27100000000007
748,0.02800000000002001,0.4539999999999509,5.224000000000046,2.4319999999999027,172.4559999999999
749,0.009000000000014552,0.48299999999994725,5.444000000000187,2.4199999999998454,80.08299999999986
750,0.009999999999990905,0.4639999999999418,5.227000000000089,2.3630000000000564,60.58400000000006
751,0.009999999999990905,0.4450000000001637,5.4529999999999745,1.5030000000001564,90.01600000000008
752,0.014000000000123691,0.5170000000000528,5.517000000000053,2.3899999999998727,111.54299999999989
753,0.009999999999990905,0.4539999999999509,5.222999999999956,2.3869999999999436,92.28800000000001
754,0.009999999999990905,0.4550000000001546,5.233999999999924,2.3700000000001182,63.212999999999965
755,0.009999999999990905,0.4379999999998745,5.0349999999998545,2.316000000000031,177.81200000000013
756,0.008000000000038199,0.45499999999992724,5.226999999999862,2.3479999999999563,93.32999999999993
757,0.009999999999990905,0.4500000000000455,5.035000000000082,1.1230000000000473,38.85500000000002
758,0.009000000000014552,0.4179999999998927,4.782999999999902,2.257000000000062,48.42900000000009
759,0.009000000000014552,0.42200000000002547,4.928000000000111,2.1800000000000637,35.927999999999884
760,0.010999999999967258,0.4079999999999018,4.563000000000102,2.1359999999999673,118.35000000000014
761,0.023999999999999133,0.5530000000000008,6.098999999999998,2.5920000000000023,127.214
762,0.009999999999990905,0.4830000000000041,5.497000000000014,2.466000000000008,33.887
763,0.009999999999990905,0.4759999999999991,5.635999999999996,2.649000000000001,170.94799999999998
764,0.010999999999967258,0.4840000000000373,5.5120000000000005,2.4540000000000077,32.60900000000004
765,0.009999999999990905,0.4730000000000132,5.528999999999996,2.4139999999999873,40.77199999999999
766,0.016000000000019554,0.4619999999999891,5.424000000000035,2.4879999999999995,70.39700000000005
767,0.009000000000014552,0.48299999999994725,5.640999999999963,2.6340000000000146,183.26800000000003
768,0.009999999999990905,0.4780000000000655,5.430000000000064,2.475999999999999,86.93599999999992
769,0.012000000000057298,0.47699999999997544,5.371999999999957,2.4020000000000437,220.34699999999998
770,0.009000000000014552,0.5520000000001346,5.343000000000075,2.3889999999998963,26.466000000000122
771,0.010999999999967258,0.44600000000014006,5.255000000000109,2.436999999999898,107.81700000000001
772,0.029999999999972715,0.4839999999999236,5.406999999999925,1.5320000000001528,246.58999999999992
773,0.012000000000170985,0.5219999999999345,5.645999999999958,2.5989999999999327,229.98800000000006
774,0.009000000000014552,0.4699999999997999,5.476999999999862,2.413000000000011,157.75
775,0.009999999999990905,0.4619999999999891,5.2849999999998545,2.423000000000002,59.878999999999905
776,0.015000000000100044,0.46100000000001273,5.248000000000047,2.3759999999999764,48.24700000000007
777,0.009999999999990905,0.43699999999989814,4.9379999999998745,2.3020000000001346,53.57900000000018
778,0.010000000000218279,0.42099999999982174,4.869000000000142,2.30199999999968,154.8109999999997
779,0.007999999999810825,0.3949999999999818,4.510999999999967,1.9239999999999782,24.759000000000015
780,0.005999999999858119,0.363999999999578,4.445999999999913,1.9519999999997708,51.896000000000186
781,0.01699999999999946,0.5980000000000008,5.825000000000001,2.2079999999999984,110.18800000000002
782,0.012000000000000455,0.47999999999998977,5.5260000000000105,2.445999999999998,36.772999999999996
783,0.01099999999999568,0.43600000000000705,5.376000000000005,2.492999999999995,76.769
784,0.009000000000014552,0.48399999999998045,5.5639999999999645,2.4820000000000277,27.889999999999986
785,0.009999999999990905,0.44700000000000273,5.291999999999973,2.533999999999992,28.762
786,0.009000000000014552,0.4460000000000264,5.209000000000003,2.4460000000000264,43.747000000000014
787,0.009999999999990905,0.47800000000000864,5.490000000000009,2.6019999999999754,64.10699999999997
788,0.010999999999967258,0.4560000000000173,5.175000000000011,2.4069999999999823,182.56099999999998
789,0.012999999999919964,0.4619999999999891,5.352999999999952,2.4449999999999363,56.64300000000003
790,0.010999999999967258,0.4459999999999127,5.0230000000000246,2.3980000000000246,197.56000000000006
791,0.008000000000038199,0.46900000000005093,5.281999999999925,2.3549999999999045,123.08900000000006
792,0.009999999999990905,0.47199999999998,5.560999999999922,2.4829999999999472,107.471
793,0.009999999999990905,0.4839999999999236,5.560999999999922,2.4809999999999945,94.09700000000021
794,0.009999999999990905,0.4739999999999327,5.401000000000067,2.461999999999989,37.64799999999991
795,0.010999999999967258,0.4410000000000309,5.045000000000073,2.3840000000000146,36.3420000000001
796,0.009000000000014552,0.45299999999997453,5.16800000000012,2.4379999999998745,53.41799999999989
797,0.012999999999919964,0.4839999999999236,5.294000000000096,1.9120000000000346,298.8599999999999
798,0.007999999999810825,0.4659999999998945,5.408000000000129,2.425999999999931,113.49100000000021
799,0.009000000000014552,0.5419999999999163,5.316000000000031,2.2569999999998345,21.016999999999825
800,0.009000000000014552,0.5270000000000437,5.1400000000001,1.4400000000000546,63.17600000000016
801,0.016000000000000014,0.5230000000000015,5.574000000000002,2.664999999999999,185.821
802,0.01300000000000523,0.5389999999999873,5.315999999999974,2.156000000000006,126.17400000000004
803,0.009000000000014552,0.4149999999999636,4.822000000000003,2.106999999999971,61.61200000000002
804,0.007999999999981355,0.4200000000000159,4.930999999999983,2.2099999999999795,65.952
805,0.012999999999976808,0.40300000000002,4.76400000000001,2.115000000000009,32.65500000000003
806,0.010999999999967258,0.47199999999998,4.617999999999938,2.1240000000000236,174.07400000000007
807,0.008000000000038199,0.4079999999999018,4.79200000000003,2.11099999999999,78.51600000000008
808,0.011000000000080945,0.511000000000081,4.935000000000059,2.086999999999989,35.833999999999946
809,0.009000000000014552,0.4679999999999609,5.760999999999967,2.7819999999999254,108.67600000000004
810,0.010999999999967258,0.4249999999999545,5.039999999999964,2.8179999999999836,166.72500000000014
811,0.010999999999967258,0.5149999999998727,4.938000000000102,2.11200000000008,176.94299999999998
812,0.035000000000081855,0.5289999999999964,5.1099999999999,2.1310000000000855,68.08200000000011
813,0.009000000000014552,0.45299999999997453,5.241999999999962,2.433999999999969,130.538
814,0.009999999999990905,0.48299999999994725,5.348999999999933,2.206000000000131,25.651000000000067
815,0.007999999999810825,0.3739999999997963,4.554999999999836,2.0519999999999072,24.682000000000016
816,0.009999999999990905,0.39299999999980173,4.62299999999982,1.4299999999998363,161.6959999999999
817,0.008000000000038199,0.40200000000004366,4.589999999999918,1.9850000000001273,141.43499999999995
818,0.008000000000038199,0.4819999999999709,4.874000000000024,2.066000000000031,39.32300000000009
819,0.009000000000014552,0.39200000000005275,4.608999999999924,2.12700000000018,57.79299999999989
820,0.009000000000014552,0.40600000000017644,4.726999999999862,2.019999999999982,42.184000000000196
821,0.02000000000000135,0.5910000000000011,5.774000000000001,2.2439999999999998,117.757
822,0.01099999999999568,0.4170000000000016,4.8440000000000225,2.1119999999999948,152.02100000000002
823,0.015000000000043201,0.49099999999998545,4.975999999999999,2.1539999999999964,52.04899999999998
824,0.008000000000038199,0.4130000000000109,4.7730000000000246,2.099999999999966,139.51300000000003
825,0.010000000000047748,0.48500000000001364,4.847000000000037,2.1750000000000114,110.269
826,0.011000000000080945,0.6190000000000282,4.959999999999923,1.4120000000000346,47.78399999999999
827,0.009000000000014552,0.3990000000000009,4.607000000000085,2.1399999999999864,89.05899999999997
828,0.010999999999967258,0.5049999999999955,5.4249999999999545,2.1529999999999063,77.09500000000003
829,0.009999999999990905,0.48599999999999,4.841000000000008,2.0750000000000455,22.510999999999967
830,0.008999999999900865,0.3930000000000291,4.597000000000094,2.1219999999999573,80.89999999999998
831,0.01700000000005275,0.5270000000000437,5.072999999999979,2.088000000000079,148.03300000000002
832,0.02500000000009095,0.4980000000000473,4.787000000000035,1.615000000000009,81.99299999999994
833,0.018000000000029104,0.5270000000000437,4.7800000000002,2.1440000000000055,86.13300000000004
834,0.008000000000038199,0.4179999999998927,4.856000000000222,2.1230000000000473,129.95799999999986
835,0.009999999999990905,0.46900000000005093,4.9529999999999745,2.1159999999999854,159.47399999999993
836,0.009999999999990905,0.41099999999983083,4.710999999999785,2.0699999999999363,74.56600000000003
837,0.009999999999990905,0.4859999999998763,5.337999999999965,2.714999999999918,98.298
838,0.008000000000038199,0.4169999999999163,4.805000000000064,2.0799999999999272,24.004000000000133
839,0.013999999999896318,0.3930000000000291,4.701999999999998,2.1059999999999945,30.019000000000005
840,0.009000000000014552,0.40599999999994907,4.611000000000104,2.1059999999999945,114.76600000000008
841,0.013999999999999346,0.5199999999999996,5.039,2.2119999999999997,21.022999999999996
842,0.011000000000002785,0.48099999999999454,5.089000000000006,2.1340000000000003,25.421999999999997
843,0.009000000000000341,0.39099999999999113,4.61999999999999,2.1059999999999945,98.55499999999999
844,0.010000000000019327,0.41500000000002046,4.715000000000003,2.0449999999999875,177.286
845,0.011000000000024102,0.5090000000000146,4.953000000000031,2.1140000000000327,148.87900000000002
846,0.009999999999990905,0.4880000000000564,4.879000000000019,2.1140000000000327,169.66699999999992
847,0.010999999999967258,0.49899999999990996,4.974000000000046,1.7570000000000618,93.39200000000005
848,0.009000000000014552,0.4110000000000582,4.822999999999979,2.1140000000000327,89.58400000000006
849,0.010000000000104592,0.5080000000000382,4.897000000000048,2.115000000000009,61.74000000000001
850,0.009000000000014552,0.39800000000002456,4.522000000000048,2.066000000000031,51.57599999999991
851,0.010999999999967258,0.4900000000000091,5.360000000000127,2.4010000000000673,222.06099999999992
852,0.016000000000076398,0.4919999999999618,4.972999999999956,2.0709999999999127,145.34899999999993
853,0.008000000000038199,0.4169999999999163,4.968000000000075,2.1569999999999254,151.73400000000015
854,0.008000000000038199,0.4049999999999727,4.65099999999984,1.800000000000182,134.85900000000015
855,0.006999999999834472,0.484000000000151,4.623000000000047,1.9880000000000564,63.580999999999904
856,0.02500000000009095,0.3869999999999436,4.446999999999889,2.008000000000038,301.9400000000003
857,0.009000000000014552,0.40599999999994907,4.709000000000287,1.2260000000001128,70.4090000000001
858,0.006999999999607098,0.3989999999998872,4.692000000000007,2.036000000000058,33.996000000000095
859,0.008000000000265572,0.38000000000010914,4.2409999999999854,1.9400000000000546,93.27700000000004
860,0.007000000000061846,0.45400000000017826,4.351000000000113,1.8460000000000036,40.534999999999854
861,0.022999999999999687,0.5220000000000002,5.068999999999999,2.218,42.910999999999994
862,0.012999999999991019,0.41900000000001114,4.812999999999988,2.0740000000000123,30.953000000000003
863,0.009000000000000341,0.39399999999999125,4.474000000000004,2.0450000000000017,55.20400000000001
864,0.009999999999990905,0.39999999999997726,4.685000000000002,2.09699999999998,56.489000000000004
865,0.015999999999991132,0.5100000000000193,4.89500000000001,2.0790000000000077,39.40299999999999
866,0.03499999999996817,0.48099999999999454,4.781000000000006,2.0989999999999895,82.75599999999997
867,0.007999999999981355,0.40999999999996817,4.737000000000023,2.08299999999997,46.28899999999999
868,0.012000000000000455,0.4900000000000091,4.484000000000037,1.117999999999995,171.98299999999995
869,0.008000000000038199,0.4129999999998972,4.83299999999997,2.0539999999999736,78.40999999999997
870,0.007999999999924512,0.41399999999998727,4.749000000000024,2.089999999999918,51.178
871,0.009000000000014552,0.3930000000000291,4.454000000000065,2.048999999999978,78.82599999999991
872,0.009000000000014552,0.41600000000005366,4.84800000000007,2.1019999999999754,94.26199999999994
873,0.012999999999919964,0.46500000000003183,5.951999999999998,2.4810000000001082,50.18799999999999
874,0.010999999999967258,0.44899999999995543,5.13900000000001,2.433999999999969,190.039
875,0.009000000000014552,0.4739999999999327,5.569999999999936,2.4850000000001273,47.02500000000009
876,0.009000000000014552,0.4519999999999982,5.227000000000089,2.4149999999999636,20.01800000000003
877,0.008999999999787178,0.4479999999998654,5.3689999999999145,2.5140000000001237,56.375999999999976
878,0.009999999999990905,0.4739999999999327,5.412000000000035,2.4450000000001637,67.64899999999989
879,0.010000000000218279,0.45499999999992724,5.278999999999996,2.494999999999891,93.30500000000006
880,0.010999999999967258,0.48099999999999454,5.48700000000008,2.438999999999851,194.2929999999999
881,0.018000000000000682,0.5999999999999996,6.018000000000001,2.603999999999999,99.43900000000001
882,0.01099999999999568,0.4749999999999943,5.418999999999983,2.4499999999999886,96.47200000000001
883,0.01099999999999568,0.47700000000000387,5.436000000000007,2.4180000000000064,90.17400000000004
884,0.009999999999990905,0.4519999999999982,5.371999999999957,2.3600000000000136,98.88900000000001
885,0.028999999999996362,0.47500000000002274,5.5190000000000055,2.498999999999967,165.47699999999998
886,0.009000000000014552,0.4680000000000746,5.48599999999999,2.4600000000000364,70.23900000000003
887,0.009000000000014552,0.5040000000000191,5.557000000000016,2.451999999999998,143.06099999999992
888,0.008999999999900865,0.45799999999997,5.3700000000000045,2.3640000000000327,25.144000000000005
889,0.009999999999990905,0.45499999999992724,5.345000000000027,2.483000000000061,104.49099999999999
890,0.008999999999900865,0.48699999999996635,5.451999999999998,2.396000000000072,64.37800000000004
891,0.009999999999990905,0.45100000000002183,5.100999999999885,2.382000000000062,164.5200000000002
892,0.009000000000014552,0.5609999999999218,5.296999999999798,2.40099999999984,44.24799999999982
893,0.009999999999990905,0.43699999999989814,5.048000000000002,2.377999999999929,36.144000000000005
894,0.009999999999990905,0.4410000000000309,5.155999999999949,2.2710000000001855,126.17699999999991
895,0.009999999999990905,0.46299999999996544,5.298000000000002,2.3460000000000036,77.75700000000006
896,0.009000000000014552,0.4750000000001364,5.261999999999944,2.339999999999918,30.222999999999956
897,0.009999999999990905,0.4339999999999691,4.98700000000008,2.3450000000000273,162.49
898,0.009999999999990905,0.46699999999987085,5.303000000000111,2.4459999999999127,105.1909999999998
899,0.009000000000014552,0.431999999999789,4.9909999999999854,2.175999999999931,174.57999999999993
900,0.012000000000170985,0.43600000000014916,4.795000000000073,2.1159999999999854,178.56100000000015
901,0.015000000000000568,0.5190000000000001,5.024000000000001,2.169999999999998,60.931000000000004
902,0.01100000000000989,0.4399999999999977,4.792999999999992,2.1049999999999898,84.478
903,0.007999999999981355,0.41499999999999204,4.7549999999999955,2.0900000000000034,43.394000000000005
904,0.02400000000000091,0.3550000000000182,4.5400000000000205,2.1299999999999955,57.202
905,0.008000000000038199,0.3949999999999818,4.548000000000002,2.0880000000000223,131.49599999999998
906,0.007999999999981355,0.4119999999999777,4.959000000000003,2.163000000000011,34.92599999999999
907,0.012000000000000455,0.49200000000001864,5.961999999999989,2.616999999999962,83.89099999999996
908,0.009000000000014552,0.46699999999998454,5.364000000000033,2.427000000000021,20.443000000000097
909,0.009000000000014552,0.43800000000010186,5.096000000000004,2.5849999999999227,128.72900000000004
910,0.009000000000014552,0.47500000000002274,5.525000000000091,2.490000000000009,214.3889999999999
911,0.010999999999967258,0.48099999999999454,5.562999999999988,2.5340000000001055,82.93000000000006
912,0.009999999999990905,0.553000000000111,5.389000000000124,2.4179999999998927,25.136999999999944
913,0.010999999999967258,0.4420000000000073,5.085000000000036,2.466000000000122,125.93100000000004
914,0.009999999999990905,0.47100000000000364,5.3659999999999854,2.4420000000000073,86.52000000000021
915,0.009999999999990905,0.51299999999992,5.63799999999992,2.5720000000001164,56.208000000000084
916,0.009999999999990905,0.4410000000000309,5.44399999999996,2.413000000000011,103.52500000000009
917,0.008999999999787178,0.45899999999983265,5.322999999999865,2.352999999999838,182.12699999999995
918,0.009999999999990905,0.4600000000000364,5.412000000000035,2.3869999999999436,52.524999999999864
919,0.009999999999990905,0.43899999999985084,5.069000000000187,2.377999999999929,154.01700000000005
920,0.015999999999849024,0.46699999999987085,5.326000000000022,2.3899999999998727,106.88799999999992
921,0.031000000000000583,0.6140000000000008,5.869999999999999,2.497,75.52600000000001
922,0.01099999999999568,0.47400000000000375,5.478000000000009,2.4749999999999943,154.53600000000003
923,0.009999999999990905,0.4660000000000082,5.3799999999999955,2.4459999999999695,101.80000000000001
924,0.014000000000010004,0.4560000000000173,5.324000000000012,2.3210000000000264,53.33200000000005
925,0.009000000000014552,0.4350000000000023,5.143999999999949,2.4420000000000073,32.541
926,0.010999999999967258,0.45100000000002183,5.224999999999966,2.387999999999977,94.33799999999997
927,0.009000000000014552,0.45799999999997,5.7409999999999854,2.47199999999998,69.78599999999994
928,0.01599999999996271,0.43000000000006366,5.787000000000035,2.6410000000000764,42.80799999999999
929,0.011000000000080945,0.49500000000000455,5.711999999999989,2.5079999999999245,61.22399999999993
930,0.010999999999967258,0.4519999999999982,5.309999999999945,1.4879999999999427,105.18700000000001
931,0.009999999999990905,0.4699999999999136,5.552999999999997,2.42999999999995,54.482000000000085
932,0.008999999999900865,0.4679999999999609,5.413999999999987,2.5039999999999054,104.7460000000001
933,0.009999999999990905,0.47199999999998,5.5190000000000055,1.747000000000071,173.41699999999992
934,0.028999999999996362,0.5480000000000018,5.341000000000122,2.268000000000029,272.818
935,0.008000000000038199,0.4539999999999509,5.322000000000116,2.377999999999929,44.90300000000002
936,0.009000000000014552,0.43000000000006366,5.080000000000155,2.34699999999998,84.14799999999991
937,0.009000000000014552,0.4519999999999982,5.144999999999982,2.379000000000133,106.08299999999986
938,0.011000000000194632,0.46100000000001273,5.307999999999993,2.3500000000001364,119.20499999999993
939,0.009000000000014552,0.4290000000000873,4.974999999999909,2.245999999999867,172.65300000000002
940,0.010000000000218279,0.41899999999986903,4.817000000000007,1.3399999999996908,165.01999999999998
941,0.016000000000000014,0.6870000000000012,6.212999999999999,2.1679999999999993,40.73899999999999
942,0.012999999999991019,0.4959999999999951,5.155000000000001,2.86399999999999,43.251999999999995
943,0.009000000000000341,0.4539999999999935,5.390000000000001,2.4499999999999886,54.65299999999999
944,0.009999999999990905,0.4479999999999791,5.103999999999985,2.3640000000000043,186.778
945,0.009999999999990905,0.478999999999985,5.584000000000003,2.490000000000009,136.70999999999998
946,0.008999999999900865,0.4619999999999891,5.247999999999934,2.3740000000000236,52.24000000000001
947,0.008999999999900865,0.4500000000000455,5.190000000000055,2.495999999999981,191.14
948,0.009000000000014552,0.47299999999995634,5.61099999999999,2.439999999999941,180.85899999999992
949,0.013000000000033651,0.40600000000006276,4.836000000000013,2.117999999999938,53.54399999999987
950,0.009999999999990905,0.41600000000016735,4.729000000000042,2.2560000000000855,163.13699999999994
951,0.03199999999992542,0.5160000000000764,4.807999999999993,2.089000000000169,151.40100000000007
952,0.010999999999967258,0.5330000000001291,4.921000000000049,2.076000000000022,60.317999999999984
953,0.009999999999990905,0.4819999999999709,4.77800000000002,2.09699999999998,62.87200000000007
954,0.009000000000014552,0.4670000000000982,4.635999999999967,2.088000000000193,18.363000000000056
955,0.010999999999967258,0.4880000000000564,4.572000000000116,1.9929999999999382,26.911000000000058
956,0.009999999999990905,0.46499999999991815,5.691000000000031,2.7050000000001546,43.621000000000095
957,0.015000000000100044,0.44600000000014006,4.596000000000004,1.856999999999971,95.28099999999995
958,0.012000000000170985,0.5099999999999909,6.173999999999978,2.6820000000000164,163.07600000000002
959,0.009000000000014552,0.47100000000000364,5.444000000000187,2.4079999999999018,195.61499999999978
960,0.008000000000265572,0.4149999999999636,4.7599999999997635,2.106000000000222,28.76399999999967
961,0.028999999999999915,1.0599999999999987,5.3629999999999995,2.1960000000000015,146.98100000000002
962,0.009999999999990905,0.5089999999999861,4.722999999999985,2.100999999999999,115.51400000000001
963,0.009000000000014552,0.41100000000000136,4.817000000000007,2.158999999999992,152.82999999999998
964,0.007999999999981355,0.41399999999998727,4.930000000000007,2.0720000000000027,39.84300000000002
965,0.009000000000014552,0.4019999999999868,4.548000000000002,2.1340000000000146,135.02499999999998
966,0.009000000000014552,0.4189999999999827,4.835000000000036,2.177000000000021,140.39
967,0.033999999999991815,0.4799999999999045,5.543000000000006,2.3390000000000555,314.6890000000001
968,0.010999999999967258,0.48299999999994725,5.59699999999998,2.546999999999798,250.1969999999999
969,0.010999999999967258,0.5,5.661000000000058,2.4099999999998545,186.07299999999987
970,0.009000000000014552,0.4750000000001364,5.451999999999998,2.469000000000051,83.62699999999995
971,0.009000000000014552,0.4659999999998945,5.467999999999847,2.4559999999999036,41.13700000000017
972,0.009999999999990905,0.45299999999997453,5.156999999999925,1.6860000000001492,249.33799999999997
973,0.009000000000014552,0.44000000000005457,5.0499999999999545,2.25,26.690000000000055
974,0.007999999999810825,0.40899999999987813,4.951999999999998,2.349999999999909,30.61500000000001
975,0.009000000000014552,0.45299999999997453,5.043999999999869,2.23700000000008,26.02300000000014
976,0.009000000000014552,0.4130000000000109,4.644999999999982,2.2090000000002874,30.277999999999793
977,0.009000000000014552,0.39400000000023283,4.666999999999916,2.119000000000142,66.26400000000012
978,0.008000000000265572,0.41000000000030923,4.751999999999953,2.0650000000000546,14.568000000000211
979,0.007000000000061846,0.38400000000001455,4.398000000000138,2.130999999999858,27.739000000000033
980,0.009000000000014552,0.51299999999992,4.766999999999825,1.9410000000002583,35.08699999999999
981,0.021999999999998465,0.5310000000000024,5.105,2.2119999999999997,37.343999999999994
982,0.01300000000000523,0.4579999999999984,5.177999999999997,2.378,137.031
983,0.01300000000000523,0.4449999999999932,5.331000000000017,2.3780000000000143,49.28800000000001
984,0.010000000000047748,0.5240000000000009,5.043000000000006,2.4499999999999886,163.09200000000004
985,0.009999999999990905,0.4619999999999891,5.31899999999996,2.4490000000000123,83.73300000000006
986,0.009000000000014552,0.4619999999999891,5.19500000000005,2.324000000000069,114.82400000000007
987,0.008000000000038199,0.4660000000000082,5.418000000000006,2.3969999999999345,21.783999999999992
988,0.028999999999996362,0.45299999999997453,5.144999999999982,2.4400000000000546,129.39800000000002
989,0.008999999999900865,0.4639999999999418,5.293000000000006,2.34800000000007,28.763000000000034
990,0.009999999999990905,0.4420000000000073,5.062000000000012,2.355000000000018,176.01700000000005
991,0.015000000000100044,0.4659999999998945,5.413999999999987,2.41599999999994,194.37599999999998
992,0.009000000000014552,0.4619999999999891,5.4060000000001764,2.40300000000002,96.00500000000011
993,0.009999999999990905,0.4680000000000746,5.388000000000147,2.3869999999999436,62.35900000000015
994,0.010999999999967258,0.4580000000000837,5.242999999999938,2.4279999999998836,30.34400000000005
995,0.009999999999990905,0.44899999999984175,5.136999999999944,2.479000000000042,76.34999999999991
996,0.009999999999990905,0.45600000000013097,5.267000000000053,2.421000000000049,161.56600000000003
997,0.009000000000014552,0.4700000000000273,5.403999999999996,2.397999999999911,52.128000000000156
998,0.009000000000014552,0.4350000000001728,5.250999999999976,2.4020000000000437,64.36500000000001
999,0.015999999999849024,0.44400000000018736,5.176999999999907,2.369000000000142,163.26
1000,0.009000000000014552,0.4559999999999036,5.105000000000018,2.2920000000001437,77.31099999999992
