y,x1,x2,x3,x4,x5
0,1,0.5876464997257153,0.6829792416968632,1.1110537342289493,1.376305136617227
0,1,-0.6417166453389366,-0.04437915322597908,-0.500789122819952,-0.40871985944008554
0,1,0.561179011867134,0.7588067792056346,-0.04289182185095747,-0.23327553639100662
0,1,-0.4708086425491892,-0.16775829305396042,-0.10793632334414072,0.4713238120030636
1,1,-0.7743017430927706,-0.8976168569916526,-0.8339277693066877,-0.9160322638972661
0,1,1.5521275050113823,0.864605894873313,0.05735739848523851,0.09441901752833655
0,1,-1.9645110450963463,-1.7597623413382015,-1.695194460352275,-2.1918693415178274
1,1,-1.2019833573290253,-1.2433494875307878,-0.6665470447703761,-0.5604121822271301
1,1,0.2118598857369187,-0.25864208119654836,-0.5032728951745845,-0.06907911450937185
0,1,0.3811239988842681,0.335506355039104,0.3066294200296672,0.39621172814313893
1,1,-0.40589520661704354,-0.5549616191320262,-0.5232777063879607,-0.24680976027175255
1,1,-2.32203656905535,-2.6088393550899363,-1.874068003504642,-2.269368201793322
0,1,0.4029955031498511,0.19446109590065536,0.6257956688031516,0.5589871452999222
1,1,-3.3862824135323057,-2.4733328519894195,-2.517133863580734,-2.63229058654566
0,1,0.6878727348816958,0.19844639863393226,0.8499169934810458,0.7690416101404872
1,1,-0.38199501022857135,-1.0411590002290603,-0.6770063450748859,-0.7533366363805614
1,1,-0.07127074685889974,-0.2625747601996185,-0.26510749126284566,0.1622092510919355
1,1,-0.664320133941629,-0.25832002165706686,0.09514131105504223,-0.02098589873489688
0,1,1.1620147176426259,1.2624161794504012,0.8809444793253745,0.9981893781058876
0,1,1.2793740880973223,1.6859491109179596,1.1664412097039751,0.5339921182548242
1,1,-1.2030480077330574,-1.37362362642052,-1.430177022127648,-0.8533129958049007
1,1,-0.8840946884826595,-1.5956944055625482,-1.3228729321493047,-1.4354820844772707
1,1,-0.4371675700184402,-0.6252312879882052,-0.5323552338894272,-0.10944904052061352
0,1,0.9535218605497724,0.8346053222693953,1.575882964422961,1.8512878463670297
0,1,0.09799317621038761,0.44914680989267547,-0.09355458489296549,0.5968471009845316
0,1,-0.2439473389227003,0.20569741299940833,0.2851935231072785,0.428138382215697
0,1,0.7896962171843781,1.0559178410338808,0.85723224857108,0.9738451724372956
0,1,0.5554651529566879,0.6280633451239888,0.406661505132071,-0.2750176207604514
1,1,-0.949659843108076,-0.6866898343037644,-0.7442665211231181,-0.6758465145948479
0,1,0.023320671991749864,-0.10794107554270246,-0.2025415462841006,-0.3124863537868111
0,1,-0.4994479843266094,0.008460240957727988,-0.12143490787603706,0.25802734935882804
0,1,-0.5338450856827572,-0.15040665492762179,-0.43274943355513573,-0.22832111268530234
0,1,-1.6120261424750217,-1.4482829267133486,-0.8860055247975887,-0.7536464101527971
0,1,0.21671099775236627,0.536627351748223,0.38547146077710964,-0.18695321059556466
0,1,0.14882865882620172,-0.014842887421190566,0.08876135230057298,-0.6268094216536917
0,1,1.9038060492718032,1.9545745830984436,1.427865126173259,0.4441435227446463
1,1,-0.9239292816107645,-1.6567800529276877,-1.0900806678924706,-1.4653695956156334
0,1,-0.2608009508437538,0.016329864339547542,0.32605580223225045,0.3422370638806894
1,1,-0.9787819375289184,-0.6170782115612643,-1.0715537838510454,-0.5787785337846539
1,1,-0.2235115589337465,-0.40883694734985193,-0.1385103117386759,0.6677438357489833
0,1,0.2547881629527078,-0.1841483765675023,-0.2571152819562454,-0.7807558809279349
0,1,1.0966021672369584,1.3116878792163924,0.7373842734710088,1.5701964890592763
0,1,-1.275338836386505,-0.8544202645322289,-0.09443116920597093,0.20176462722942215
1,1,-1.9121491215699118,-0.6673890997417987,-1.5280362616879535,-1.4111608786211427
0,1,-0.917662540985861,-0.8342249452595153,-1.5177848748723646,-1.8771975469033677
0,1,0.5951773395382385,0.44836705034812757,-0.07826969505649985,0.2332247258999643
0,1,1.2121311538096942,1.2411140112293486,2.3655858380643453,3.3792311464175047
0,1,-1.314673053021173,-0.36431578198840603,-0.33989897617783965,-0.23132943501242728
0,1,-0.9044572172026694,-0.39800801385935036,-0.5961782880540184,-1.0393520373535212
1,1,-0.8416505520923139,-1.1402510028442645,-1.0373483814270967,-1.7667776884270792
1,1,-0.39510470748795457,-0.31491398410649685,0.42768683392436124,0.48016406599579475
1,1,-1.1522570896437911,-0.857002471111791,-0.9069265632429118,-0.22618899373060739
0,1,2.215545398193003,2.078408621673995,1.6869736173604586,1.1928569400152125
1,1,0.7268447627340958,-0.95129383194954,-0.6613222242978096,-1.214727564636714
1,1,0.78068168852730635,0.24261875876729247,0.2678091500866833,-0.023666260528382135
0,1,0.4767303570937167,1.4260696210086168,1.2018110718675998,1.7783025001198027
0,1,0.9796889361446869,0.9366084922094323,1.0893513352881163,1.0839527430815519
1,1,-2.0247508251250403,-1.6056291833481806,-1.557726476874545,-0.4432080584405525
1,1,0.7120041277113457,0.45296672429438634,0.8632568837327074,0.5481975347280561
0,1,-0.7494688233844792,-0.5325926038122726,-1.0580008958641038,-1.0827518158346094
1,1,-0.424698704372433,-1.147972490335812,-1.2403735639210802,-1.336143836473359
0,1,-0.12028061637539897,-0.1753826379155409,-0.7638705142175117,-0.7602313139771536
0,1,-0.5317760282527062,-0.16502432806122425,-0.4048858971562683,-0.9229367336212704
1,1,-2.1642439712358508,-2.630611368023894,-2.538645508093191,-2.2600264856071073
0,1,1.1120134366487786,0.9522578203974246,1.7074769299762882,1.1680497374041658
1,1,-2.520761755644809,-2.3505135328873914,-2.1310183663842337,-2.082267371131062
0,1,2.256252807985944,1.4921416204786087,1.9264795053750545,1.9298523435958128
0,1,-0.5565941453302452,-1.1707102805671448,-1.3552234425942697,-1.35734939624228
0,1,0.9073784788260069,1.1150578785613925,0.4189006516940434,0.5250218717514312
0,1,-0.6568005173143443,-0.7932147362050422,-1.125582181761253,-0.8700699440603056
1,1,-0.8418757547751716,-0.8702675159146401,-0.9258805695298745,-1.1807356875381871
0,1,0.029384950724262664,0.589956388236186,-0.030942870991742706,0.44195382799812244
1,1,-0.8407537357823237,-0.27700457394838923,-0.8205866211827743,-0.3264279154052324
1,1,0.392273570559107,-0.1169656054071614,0.013856072992688819,-0.16603666114601204
0,1,0.17113602494611563,0.13496751730660783,0.10307279264380292,-0.33124844880869814
0,1,0.1977559015162234,0.3008880142953803,1.0072629995289506,1.4959972646796502
1,1,1.151774620785918,0.5935641525554883,0.732292795882834,0.862215932646121
1,1,0.2168131539767123,-0.720982815744217,-0.7479100915827217,-0.42401950991272624
0,1,-0.7235823515769185,-0.612764710043104,0.0277826420435744,-0.12108696408082135
1,1,-0.6018738370726151,0.10304871947310675,-0.05201200533707987,0.8118170786234207
1,1,0.21252759350071582,0.03662803757586467,0.4858321794027595,0.20432813435277597
0,1,1.3327254139249363,1.764699230158868,1.8254780311572745,1.7269290738948129
0,1,1.6755486504648711,0.6933728250118804,7.126701491430885e-4,-0.003544838380609766
0,1,1.6028598448815443,2.0277763903942425,1.5789261535903365,2.2295827585074717
0,1,0.36471207870756356,0.9241793767272519,1.0819244591880812,0.7445369893806572
1,1,0.907692873496187,0.5586645895907856,-0.2116877316070152,-0.2839751001359594
1,1,-1.4370632537269374,-1.8690210097751727,-1.5463077443011846,-0.9011709705978375
0,1,-0.7464010838538405,-0.7472918796523992,-1.5303475818215577,-1.4392033090024643
1,1,-0.2461006706603163,-0.30557362833759383,0.12237071000430454,-0.3533106665744141
0,1,0.7259518081688267,0.7653790158234226,-0.12740752093948193,-0.6412956419386346
1,1,-0.4285645153923271,0.07408369040188076,-0.48046711465960995,0.44615599731870564
1,1,1.1789498785923742,0.13219716476684143,-0.016011780197154997,0.21084291045270165
0,1,0.5915746713905612,0.7594804851036663,1.1378208258894253,1.293234938207286
1,1,-0.48403058886835343,-0.39037170522158054,-1.1897381877653541,-0.6182502630220797
0,1,-0.9419147913330252,-0.9371798518547225,-0.6987283715198904,-0.7509614496958583
1,1,1.6564864622064819,0.691199901125696,1.027641807920218,0.8193973822876234
0,1,-0.39257803141895997,-0.6884895012575084,0.14109478325611668,-0.578514022328499
0,1,-0.06652636908598565,-0.135686794016061,0.3883637874006903,0.2754974313002785
0,1,0.633115809609793,0.6882096446520117,0.10009784385526986,0.2378083047633387
1,1,-1.2510815708561158,-0.9317684423802695,-1.0672581634337235,-0.9951879573572409
0,1,-0.9240106920312603,-0.6044819009670848,-1.2555115425386427,-0.2688398422112673
1,1,-0.5315445165560699,0.14128819280800045,-0.2044751316330882,0.45181981797276344
1,1,-0.22645990480470787,-0.8910288096424243,-0.0372698654622399,0.48228816962910287
0,1,0.7614673254112451,1.0773053601705573,1.5574417849842592,1.328257066992157
1,1,-0.44955063958892405,-0.20843147060591483,0.08284616247043361,-0.5042047260617297
1,1,-1.8155537119745717,-1.4707811366099568,-1.4294455281606346,-1.0385400783322223
0,1,1.884246493354118,0.9673916860658847,0.21302503967197572,0.8982777341055814
0,1,1.5645212571611133,0.35081610841554817,0.12528217736529582,-0.041798272183991216
1,1,-1.518906782573069,-1.9789847217043939,-0.9480674814641563,-0.6277637629966603
0,1,-0.9913263782860948,-0.7092589658660841,0.0744668721459961,0.03584708388418894
0,1,-0.31185490219264816,0.014989023208753019,1.3503144521691786,0.560161204785877
1,1,-1.423846511645593,-1.8761458287775539,-2.0180388868326085,-1.892122059366139
1,1,-0.34538343309654324,-0.9679026227069472,-0.595124219652993,-0.1123915024715153
0,1,0.6197496963507396,0.5073213238454934,0.1734384314916772,-0.2599921582678495
0,1,0.7978764879933914,1.4308804616212618,1.0869717965563415,0.7760990487358322
1,1,-1.8848968211427768,-1.5793507959824842,-1.0299847710099843,-0.9938615857558429
1,1,-1.001721275869544,-1.0259963430753358,-0.7423517053644637,-0.5264778175698205
0,1,1.2725015132206294,1.0881569039088383,1.4965972061334003,2.078678337233401
0,1,-0.7841737794429341,-0.2470037546396556,-0.6012150735941066,-0.8169803968246558
0,1,0.08303891711311052,0.5072005907614409,-0.17189816085845563,-1.081796071526806
0,1,0.1608872488662649,0.6912367511029301,0.30523028227550075,-0.20044164565341707
1,1,-0.7662811423132116,-0.8153979467822504,-0.501719650872677,0.2925769718645958
0,1,0.11079547426047982,0.7635548458772718,1.1317412780679867,1.2616570233223896
1,1,0.5629253846737721,0.11225468347691807,-0.6217407623491655,-0.2828173025162286
1,1,-1.0063279795573492,-0.7698842379629898,-0.13764278707531805,0.4287847863075426
0,1,-1.0470773849277233,0.2572664974592348,0.6455744424812938,0.49890375536700327
0,1,0.4369932517935679,0.15202066819748958,-0.49209160925641804,-0.9147343783024798
1,1,-0.09610895004386427,-0.37304347977835295,-0.6969525160425957,-0.13221045590304711
0,1,-0.5748190002333478,-0.6226835780812537,-1.0940449477383678,-0.9569254149416078
1,1,0.11909007721788194,0.3383960983105671,-0.051017487976783425,-0.0029938101948890263
0,1,1.4007781043451883,1.9367994806891677,1.9980002809561819,2.3033158119408985
0,1,-0.18576590983383087,-0.10555739587111175,-0.10065512543625325,-0.061083296701344277
0,1,-0.11913355896474406,-0.5590678718769684,0.2701122244822319,0.4146062258742163
0,1,0.9090280092613826,1.499476166328652,1.3565346888253975,1.602792691735598
0,1,0.6426919013623387,1.1764630284884285,1.585820607006155,0.7957869912148263
0,1,0.4377879247282679,0.4466601664033281,0.9102827167565648,-0.01764372111689145
0,1,-1.3281138304705016,-1.1097175065208094,-0.26275540682896464,-0.2886727845412507
0,1,-1.21001991106394,-0.6757275943200622,-0.05281214397257503,-0.48668847935241255
1,1,-0.04570649765320907,-0.5227348883304973,-0.8602989313572394,-0.6573460169697096
0,1,1.2046296008038124,1.3764385429153263,1.2483728402793797,0.9364811504052492
1,1,-0.47701323752408603,-0.5012787113871229,-0.9421481003138652,-1.2158596274294442
0,1,0.6383234612138234,0.8360169360253995,1.2864216701679128,1.0341098390069856
0,1,-0.1338286909160471,0.13016573143117188,0.018075760718064115,0.16760480799564317
0,1,-0.6414250289268272,-0.16255391743574144,0.07812936722038803,0.3388933558369233
0,1,-1.0774383183165643,-0.702253629025106,-0.8146843156178664,-0.4079282754291541
0,1,-0.8659249791841191,0.26144736731352075,0.61644811372265,0.4485868752457068
1,1,0.3558305605132164,0.028870979034187862,0.32735888202479785,0.5334194641586462
0,1,0.6267566104608173,0.7063003121038333,0.7222711262616953,0.21516149865836512
0,1,-0.8813428345237887,-0.41684542928049745,0.26789991997795887,0.20049563233875525
0,1,-0.5484840378827026,-0.531074979294015,-0.9337991156165115,-0.5031524977106901
1,1,0.7599652178995706,0.39770650416730635,0.439406643616094,0.6907253166478976
0,1,-0.5281439582279684,0.17723897765642488,-0.49028362699942196,-0.29948107976553906
1,1,-1.5105087511813633,-1.3944961266162763,-1.3421616522417432,-1.108919001241632
0,1,-0.4877063450656955,-0.20917620237487397,-1.2445236361716032,-0.4305647736979775
0,1,0.683438732386726,0.6736733616582492,0.7252346129074695,0.425757952292401
0,1,2.3004494101383886,2.7756823244867648,2.392843746768536,1.892869973017088
0,1,2.283466847300682,2.165158863058981,2.0517911443901613,1.6343510286316896
0,1,-0.66647843488777,-0.6229758774452742,-0.45099468235842716,-0.5422169059316484
1,1,-0.11761646395114007,-1.219656471522923,-1.648980373654409,-1.0777704922803033
0,1,-0.6167119096649643,-1.1301037027432317,-0.47745240287437474,-0.814071701229408
0,1,0.5915072775228055,0.6464638111468124,0.9806427529196604,0.6754600815721429
1,1,1.1797048845132199,0.5137722734882642,0.8566245014564091,1.290672361474759
0,1,-0.09247719753979904,0.3532707945143673,0.300765205748462,-0.3637700053725923
1,1,-0.093343169539952,-1.078928070549651,-1.1588790706908199,-1.1490148566107943
0,1,0.5082273886536808,1.01294131823252,0.9310209043512505,1.3237083063224457
0,1,-0.33427103560590365,0.05374898306757639,0.3552898393103137,0.6275532276407382
1,1,1.1265464297300052,1.0597686563163304,0.7808292316773362,0.9409466044865428
0,1,0.908047718398594,0.5032699119068187,0.6866629736402121,1.4978831151445622
0,1,-0.47152039371129834,-0.03377213777875036,0.10441509055325351,-0.37626576811689716
0,1,1.2461606136254608,1.2449037514712105,0.964269498223254,0.860544962977695
0,1,0.8651706715497149,0.7663191215055004,0.9667559857634181,0.8270580778141808
1,1,-0.3714382244771767,-0.045800887313201616,0.4391956488636695,1.3663449343651841
0,1,1.2856036714040264,1.7432454163253122,1.5608217108614972,1.0839981831179906
1,1,0.08879821733194462,-0.036003644564321896,-0.06945885618700301,-0.3887876670013472
1,1,-0.3273093415322418,-0.2949949022333488,-0.5596637105090896,-0.304903122188199
0,1,2.3177057637827043,2.2136124668710098,2.703233583614249,2.511681152014564
1,1,0.6050880781883385,-0.38479842502314604,-0.5190915089192856,-0.6088309272448799
0,1,-0.22122997034765637,-0.09598021900976672,0.455622528196284,0.6676257516301
0,1,-0.048102906507184184,0.37012519702038627,-0.5679176095412852,-0.16462546052669913
1,1,-0.408775503959223,-0.4477672133318321,-1.2252515203132728,-1.7067742908087762
1,1,-0.35772117393372466,-0.32256070984424445,0.035630031452042944,0.5199441763460215
0,1,0.7280688476632428,1.260499635935898,1.1513991535223194,1.1919729586360204
0,1,-1.226494412282846,-1.2637000685540127,-1.0663635033163,-1.57063806784763
0,1,1.6027352084885758,1.5355199519849563,1.6730924124434583,1.1506964137226938
0,1,0.03796723344059512,0.11047084483331729,-0.22257442128542163,-0.9977200972136706
0,1,0.7123637775537286,0.7472648809846202,0.5478059079041616,0.31484256218447243
0,1,-0.85964638024207,-0.6803784498814212,-1.0597611579591366,-0.6530178892920729
1,1,0.4152343678400497,0.10421443676375518,0.9309169701691232,1.0973881035801827
1,1,0.05254923796303292,-0.18004688170290553,-0.265339043199863,0.37470145123169113
0,1,1.354579254249228,1.7899216326233611,1.1713989616044187,1.1993882061939083
0,1,0.00828881472753049,-0.11909552070433115,-0.10936526547361601,0.1461786215094244
1,1,-0.13645411262351093,-0.5593213173656131,0.39022592841020876,0.29816216366306336
1,1,-0.3610225169168065,-0.5074443233616037,-0.48991691495084416,-0.3684015290466301
0,1,1.0288188109548344,1.4029308126104572,1.5766097789098235,1.5508765791612862
1,1,0.4139199589723001,0.39492111853252804,0.4515779716466087,0.29841704671272584
0,1,1.6656081701227465,2.1822379201684443,1.9304108321281006,2.171236979967181
0,1,1.3447764646851375,1.021411974856944,0.9971641451829618,0.7391051325292705
1,1,-1.0238494085349237,-1.2318850773192955,-2.1117131497225436,-1.6372935670988251
1,1,0.08314424196158234,0.1333581831302797,0.4965477456494151,1.141781966698822
0,1,-0.5896194658566826,-0.08156466464360414,0.7435334967589209,0.3669132545642161
0,1,0.12572129224468936,0.6067056216126187,0.7619808319296427,1.005387244740439
0,1,0.8485362826198443,0.4433850072388024,0.27908609042732496,0.593810370389662
0,1,0.766077600187016,1.1567030567488077,1.377049566552678,2.1003354618107872
1,1,-1.58814514286177,-2.114124969342433,-1.7269068705132355,-1.7227222679716636
1,1,-0.44443312923216954,-0.0037104509811705776,0.06229691505912767,0.1318725041119033
0,1,1.2735013126628225,1.9411398457093976,1.811175108377499,1.3482081351971629
0,1,-1.3663937897958804,-0.9158912101727631,-1.515950250681043,-1.4145946689257753
0,1,0.5416968760590659,1.1799705090099548,1.0579272980542278,0.9854347557870443
1,1,0.25028328559730023,-0.8590813872610542,-0.7754445425547022,-0.7554498492013879
0,1,-0.5502015883688741,0.10034470914754069,-0.30091291141667487,0.6762289865936747
0,1,-0.21696179553878078,-0.4148467485943536,-0.5223631768658598,-0.4183705808665677
1,1,0.9328837065261971,0.8520038830073016,0.9057935085784735,0.9299033087288437
0,1,1.1557018270976038,0.3715825082235666,0.235828159925381,-0.3587411478143283
0,1,-0.7220881172061484,-0.7292133870104845,-0.8861373377858182,-0.47871530888530694
0,1,-0.8065547220910887,-0.3970232409040422,-0.9757780366535537,-1.2068073294607022
0,1,-1.284281926653617,-0.21550945072546054,0.6206068282063636,-0.419130950226096
0,1,-0.6206088662704716,-0.17603001038633248,-0.09687903448636351,-0.4982940660044179
1,1,-1.543155243971328,-1.236393085182419,-1.0758508938765303,-1.1974884654448257
0,1,-1.6267744316673003,-1.3772816305652893,-1.317810351081628,-1.7661633224565902
0,1,0.3510090640708609,-0.2444807166909059,0.11182052116670135,-0.8809625496879526
0,1,1.6688938349856395,2.221780522727865,1.7725110312969687,1.2807602999111083
0,1,0.013600993191594427,0.18077975804959276,-0.24432363203398846,-0.03596157568210419
0,1,-0.1294491431019221,0.8484758724564235,1.4545437543210191,0.8528929049921591
1,1,-2.215361800152688,-1.7731183758126032,-1.1682209575532854,0.24635413615937884
1,1,-1.38656040049603,-1.0516010167044074,0.1802340986100295,-0.18986858137884755
0,1,1.957118463356521,1.1586184775963013,0.6521988248375123,0.30628164968668437
0,1,0.9288856960671452,1.1125261831277244,0.6255489914769425,0.4952266376714376
1,1,-0.15062112870931857,-0.3641878378571678,-0.91797798746449355,-0.761949047162995
1,1,0.5521390820162456,0.158466877101033,0.5682292643391209,0.24344125468439798
0,1,-0.9917268408982474,-0.5713742043555605,-0.1540831627909156,-0.4364932946636584
0,1,1.0543325890089732,1.1814254228010557,0.5536138126909739,-0.045134510803304134
1,1,-0.12252781934321041,0.07419084914784133,-0.17163913670421563,0.0745315414774293
1,1,0.294492035532461,0.3650003026352289,-0.2202692797430161,-0.09269149741656144
1,1,-1.7356224441340058,-2.143956705166627,-1.8880534343578594,-1.825378403239513
0,1,-0.09246048589266796,-0.12646775557412362,-0.22982737661386995,-0.9335248260681487
0,1,-0.6419206558366857,0.44869909830729177,-0.307603934962202,-0.40899314656850466
1,1,1.4638231389542529,1.4900831075088252,1.4601957073043057,1.3858657249391237
0,1,0.4608242340271192,0.42130295887988456,0.6954211715779264,1.040923361600685
1,1,-0.2731125830279712,-0.6819798622105796,0.40223659717074567,0.6239454247876777
1,1,0.8776911275754068,0.277892201272138,0.24782616530903784,0.42838128932252423
1,1,-0.4674824589025458,-0.10585079152249006,-0.6629629614333927,-0.22497085517894264
0,1,-0.7973903086881268,-0.6632352298165936,-0.28973567517858917,-0.6856837526818305
1,1,-1.5539987537620814,-0.7486987170576084,-0.8219797656255509,-0.4600873125085773
0,1,-0.7506413041077333,-0.17336788140809586,-0.3528159429268985,-0.3380042049289226
1,1,-0.1743387366556991,-0.1349302131004639,-0.38496288208133217,-0.13829129691480183
1,1,-1.2595263325316177,-1.2029168987066874,-0.44096493193975045,-0.637921314347462
0,1,0.8134722688708466,0.9811784152106466,1.4228403132919227,0.9657461826194739
0,1,2.6924920391943874,2.305275729908293,2.2525773686001562,0.9025575639317822
1,1,-0.39203330626665767,-0.6779571755126488,-0.7680292678888652,-0.5932420840113761
0,1,0.8889103923477065,0.724492780624231,-0.11365510950814227,0.3992036114683552
1,1,0.7236674709708527,0.3844090468386412,-0.19995658695576835,-0.5147946050274176
1,1,-0.7565598198737886,-0.7451877941814803,-0.14804076774495337,0.3908037944353744
0,1,-0.9023060518951636,-0.41338461043932256,0.05519505057424113,0.011346391943131653
0,1,0.23915871253901858,1.4537455361203284,0.8151082282060246,0.9745341028957034
1,1,-0.023044114672700976,-0.1389851887010165,-0.30345127385571113,-0.12433680717599366
0,1,0.1121812333828633,0.7174686970763438,0.5550898207689627,1.0193340382884208
0,1,0.03520215248278763,-0.37889430024521253,-0.18018722367340112,-0.6405070489825618
1,1,-0.7693082567724525,-0.2920876356838842,0.047793699375004085,-0.0180348790969302
0,1,0.6423469604369965,0.0742605612896711,-0.17402596275301216,-0.7701624098971682
0,1,1.2907178239826853,0.9167878205131503,0.40643225113715176,0.4032862790149562
1,1,-0.18885207077595145,-1.321738210599279,-1.0836716742411237,-0.9787647897046922
0,1,1.5404855384755045,0.7091194386351953,0.6077244548605013,0.3712348340634194
0,1,-0.759953754081274,-0.3773716559013555,-0.7805428524730307,-0.5947741217952313
0,1,0.9362554390376114,1.0864738557224631,1.3241112308616663,1.725795980637301
0,1,-0.06942688645584386,0.16344461171713454,-0.09852328600768762,-0.6486488168785994
1,1,-0.7791484974222052,-0.6012407850994326,-1.1944836365776494,-0.699549009755288
0,1,0.5307921475089692,1.0991057003417248,0.6654802404566998,0.19640027279719557
0,1,0.9239188631300471,1.2635447960623511,0.6787436779062449,0.6013821106018359
0,1,0.8920882735457084,0.7719117124415693,1.6186679171293155,2.0403734864150884
1,1,-0.004539411839755215,-0.32325761804491143,-0.4554682715424358,0.3256152728288711
1,1,-0.36331570673358593,-0.8910533370566599,-1.0198755947838172,-1.3275162352120915
1,1,0.4546791667219829,0.3186080315981465,0.02211453492076854,0.7140586919653084
0,1,1.6988451607951995,1.3583209731214165,1.500805088094586,1.582452044244846
1,1,0.3107117500106577,-0.004399277396475556,0.027439458230341537,-0.16114875047433738
1,1,-0.5791569309192341,-1.2480578217822702,-0.9807285746249673,-1.8160282590890149
0,1,0.9469457917274254,1.249368223462031,1.2314898992927636,0.9557274729566998
0,1,-0.3939023388632227,0.41479417548874353,0.26004961438122476,-0.030317661441531592
0,1,-1.5101201707175846,-1.0870613604761434,-0.5044636405640692,-0.24504264432584527
0,1,1.2952408002974463,1.1890556017345055,1.0861454971553384,0.7633804407710071
0,1,-1.2099316623267802,-0.16332262618759222,-0.702270151920441,-1.2177102675658467
1,1,0.18467421573510184,0.21007416076041868,0.15336476956536613,0.8394657051519652
0,1,1.4608664994413068,1.243674876017193,0.906291523054242,0.1227995638599247
0,1,0.5294634079809494,0.5363588208050307,0.32799587637066674,0.40478406745930323
0,1,-0.26009903529402956,0.41729874244149245,-0.5544141669192874,-0.6174667078727086
1,1,-0.126166249613174,-0.21234618330130983,-0.5823509669951487,-0.9342801086639466
1,1,-1.1409735380454784,-1.184074087764101,-1.0356644418047953,-1.0833774731155128
0,1,-0.010863042214086663,-0.10498146273708978,-0.24856338001997072,-0.11158369972221914
0,1,1.0479341452010789,1.1835655669558967,0.9210488964723794,0.3439091514689362
0,1,-0.3824598039222426,-0.05109216917722249,0.13360874020910526,0.1827808207726954
0,1,0.7644880154332883,0.9771535173973179,0.5221360412536468,0.7308663964437659
1,1,-0.9293528186314854,-0.9460537099397666,-0.9698105857886797,-0.8301530485070162
0,1,-1.269572865858499,-1.3193861748811089,-0.3563729515911316,0.04344030033515516
0,1,-0.5580316727298189,-0.4792967416785185,-0.35756624790687097,-0.9427090264156786
0,1,-0.10202208193561604,-0.5384371844235774,0.10299293458485247,-0.6248414647622036
0,1,-1.029555330591901,-0.4883768999809683,-0.9046312552858984,-1.064475911580311
0,1,-1.4380638886759014,-1.5753036173722952,-1.854131377492703,-1.6703667630443897
1,1,-1.4660339551359376,-1.3209750491673375,-1.4242667516444594,-0.5608133993554844
0,1,1.0153383234855016,2.0784466901394913,2.3187820339363006,1.6439555340965344
0,1,-0.12715363862921925,0.173926418427622,0.12871237035388122,0.16494177961830025
1,1,-0.20111269315220598,-0.4256485522205159,-0.46058637158798044,-0.34910049741828253
0,1,0.8005789926218647,1.1600060122777816,0.6895809341002741,0.6144596927096408
0,1,0.4047637675197527,0.3147018907526231,0.1212942621377357,-0.0031160875199999867
0,1,-0.039256624402617145,0.008119752927683056,-0.3467876196251124,-0.15115977321451934
0,1,-0.9371451005448835,-1.3051020564597595,-1.1457807327143166,-0.7895244823358506
0,1,0.3021143887053369,0.6530781546718718,0.6555627744371227,0.5791480670885373
1,1,-0.6019100235234648,-0.6571776086879528,-0.8697914790233593,-0.5159857192067244
0,1,-1.5510963185474649,-0.56721797248295,-0.5552587536711643,-0.22931556416904264
0,1,0.3915369443206895,0.6934457625397387,0.3008711330088541,0.5961530651982389
1,1,-1.8677058200564463,-1.5423184012326179,-0.7408719768154516,-1.0995129910920776
0,1,0.43720638083142555,0.7413855511501143,0.11870149698208608,0.37541927917408774
0,1,0.5408615962032195,-0.12720007855293608,-0.13023777983157464,-0.10575882930753845
0,1,-0.42769645612992896,-0.08588106805068729,-0.6584198683431752,0.13738708486014786
1,1,-0.22095126547957317,-0.15055732711807643,-0.15350619460714307,0.029556660838259634
0,1,0.5186816239217934,0.2933535810391437,0.5938413310912415,0.8162114091897025
0,1,-0.2124891571181778,-0.34751069572586557,-0.15744026642738532,0.24590190369623396
0,1,1.0946991081504873,1.6190690994661259,0.6789751471585614,0.7277793699345549
1,1,0.743712564733195,1.2821330043694712,1.0728291753462444,1.0148633841888397
1,1,-0.2191767588090568,-0.49643882243659243,-0.9031190346272915,0.07080359716864619
1,1,1.0293998511991052,-0.23546181370943975,-0.3205842437929693,0.2042623545367571
0,1,0.8403140016626256,2.2363082474387292,2.740522555569366,2.5146734647153544
0,1,0.9516398651101752,0.33024045481244385,0.008276767637090069,-0.30066732326051704
0,1,-1.1447272787847407,-1.1897319167315932,-0.09956471161826681,-0.45411768488411924
1,1,1.6689463891287553,0.6287387001101721,0.5305465537573348,0.12363140845795766
0,1,-0.2902882473669949,0.2749308245324257,0.42981710373246457,0.8494920149596425
0,1,-0.8001703327381291,-0.024149623178499953,0.7979861624241709,0.7538205550991908
0,1,0.6704245373790114,0.37691261604983,0.731450764909331,0.62586862523702
0,1,0.08679222097828806,0.47812389820975026,0.6144064523530299,1.0146128853289456
0,1,-0.6569955462322736,-0.5587356711244623,-0.8985658316369086,0.23342101268872215
0,1,0.8725950191764013,1.3411203742972024,1.4017156325582936,1.1538842039604045
0,1,-0.5618325819653617,-0.09295789959651599,0.630343945425199,0.44921924622488496
0,1,-0.4779577815414928,0.009983977723829482,-0.08572841232692302,-0.3903973165622408
1,1,0.2731490528813282,0.07494367678907506,0.11092032526485136,0.2855683215311851
1,1,-0.6338498880992433,-1.4509430326584,-1.3195854083647816,-0.2912126032373648
0,1,0.13341785191002883,0.032672516405545846,-0.05404467721062085,-0.4973870014182194
1,1,-0.9049240935216101,0.030192115120147817,0.10997442855233179,0.30371962456396967
1,1,0.38029237226861995,0.42055937606873317,-0.020058142577218198,-0.09343405682691514
0,1,0.1201993211347452,-0.06332304871741179,0.9642399858865157,0.3915088783296313
0,1,1.7354602939145778,0.7283896305626109,1.2932715038067828,1.5271998273517546
0,1,0.15641143319914827,0.5428414079185864,0.20262839072829414,-0.19988030589457834
0,1,1.9029668619495337,1.794762870738797,1.7648326108727008,1.0124762624227872
0,1,0.17324538831357902,0.24890168623643802,-0.7679880772976644,-0.9680678638504213
0,1,1.5270420808263339,1.9884756889219575,2.888736789067309,2.538673298384221
1,1,-0.1428136889694069,0.004098957423676847,0.6374729443474305,0.7394769208872697
0,1,0.1473190168688221,0.7361706292598201,0.6295045659571333,-0.2955971832325488
0,1,-0.6469382227453574,-0.5022242968371118,-1.024802650547417,-1.4944225000142348
0,1,-2.216276786551641,-1.4818865983728953,-0.3099158744462428,-0.5042058939267613
1,1,-1.868741551789422,-2.1599661261954988,-1.4409276147079682,-0.20841051157662957
1,1,-2.527587133507513,-1.9216448274643148,-2.6004928645561605,-2.1202031385478355
1,1,-1.128698753525075,-0.8931698177535305,-0.43015670208115714,0.12416714410636014
0,1,0.42772862313160837,0.5074288491021677,0.5244979287784647,0.7910132941084476
0,1,1.207439235325317,0.5282133593897463,0.2533277756165923,-0.554091157844443
0,1,-0.4905244029815934,-0.0018222614664949275,-0.9398746627911163,-0.8008799212562704
1,1,-0.9572866302430492,-0.24224742596595186,-0.11889797663356826,0.47255353766802793
1,1,1.9761499809760932,1.1863314075970024,0.6313582182759796,0.9213681889617333
0,1,1.0039822028637488,1.2113967865920228,1.4715425181377284,1.4737303243185416
0,1,-0.9239375676209728,-0.9679892628343739,-1.3885162294635018,-1.1715513277839777
1,1,-0.1782672067856624,-0.4994412182792843,-0.5601031656496058,-1.287692176173394
1,1,-1.1437146597794634,-1.8106618107511852,-1.9750078720435933,-1.3849719173165926
1,1,-0.2670668962503348,-0.4278371054419748,0.5321078012081427,0.08411524214550319
1,1,0.18253459600098224,-0.07213888509119483,-0.43375218105808805,-0.05691024061380609
0,1,0.6538264443737029,0.26656319305201187,-0.09497288355070554,-0.3878654603964729
1,1,-1.4404044014137993,-1.837539806497549,-1.9043799692706394,-1.0744904505694384
1,1,-0.8155918063302647,-0.9326268589997146,-0.9521967347623279,-0.27080291797809913
1,1,0.4228471066569108,-0.15519273550129284,0.4124840979863124,0.5513805819972921
1,1,-0.14897164954468564,-0.8657129507156407,-1.0256829487345587,-0.6200446214084282
0,1,0.6251407023035822,1.3343579631532736,1.3277980588797014,1.4193350090270787
0,1,1.4024091572162831,1.3222319158678595,0.963732099278367,1.0083505063020555
0,1,0.23392430996981192,0.12978470769600298,0.22477854693422344,0.6143028153514648
0,1,-0.05090892149772744,-0.22911396859455788,-0.27747786402168606,-0.5010551102298283
1,1,-0.721964950663622,-0.7551916594880929,-0.9641341714584836,-0.8177772494487616
0,1,0.11402204499762977,0.04252011691219164,0.025257050219680263,0.6634978925080627
1,1,0.24867411956869753,0.1402137903187024,0.3472381177156131,1.3186800833634196
1,1,0.4026164546463066,0.8318568598381719,1.1527461762415783,2.0453202955221674
0,1,-0.42860124516802767,0.06141037296554025,0.18262709507985736,0.039638307374412644
0,1,0.35410612459285895,0.3338264699780581,0.9399946850571228,1.2582913643515699
0,1,-0.03610880727857257,0.41432874237924333,0.16165524239018214,-0.2520175229286625
0,1,0.875780735159719,0.7790766716038102,0.8146883950180176,0.2899795641134443
0,1,-0.03946331343656382,0.42846816567208135,0.10310321762367455,-0.6522697617723302
1,1,-0.2743760060318055,-0.35561546482312645,-0.40964933305244,0.1010220348333014
1,1,-0.998530438656501,-1.1531582416576986,-2.124561243115746,-1.655373197678038
0,1,1.6823225026720363,0.6833821702081008,0.4250821139223353,-0.4558079656165245
1,1,0.11745863039822357,-0.4990979903204841,-0.314113244232949,-0.6901212665786101
1,1,0.04822242094436384,-0.41072492743995487,0.13828856718964383,0.495276590327504
1,1,-1.1454781830561158,-1.865294468959785,-1.2635588584735573,-0.899683294302909
0,1,0.2484944720500106,0.030667504790298946,-0.3293907206454814,-0.2214155079914757
0,1,-0.9266858671366749,-0.36547706458056584,-0.7937232476877095,-0.9352297558006005
0,1,-0.3302932242570287,-0.048042963666609095,0.6131545688472657,0.1654743741252899
0,1,-0.13369248047352794,0.2547975213751108,0.5571912027654231,0.35610174329269273
0,1,1.2789492328404957,1.3411860174518828,1.0722300354610081,1.6060814917919475
0,1,0.2689200971961979,0.7506722693529776,0.9020812954616912,0.6682878666606199
0,1,1.9159964895991313,1.1597305416271468,0.5729259357723783,0.9549734324411976
1,1,-0.7554243528432074,-1.3770769434012533,-2.1674168989000693,-1.2700771050361468
0,1,-1.3407580823228054,-0.9388624588119564,0.07938579778710429,-0.8114106965999678
1,1,0.6936529255471062,0.975776206890988,0.5315815849016403,0.4372758626540576
0,1,-1.0433454311748824,-1.145117895305578,-0.2687160993592331,-0.10077452105144165
0,1,0.0031740061508108335,0.2658598642669735,0.010947019544311872,0.10789350195571136
1,1,-0.07904547738854423,-0.1672442936384576,0.5816684760471966,0.5376308563124742
0,1,0.2881943784450185,-0.004942205360959631,0.2979665067152502,0.16025523925511007
0,1,-0.8175270265763572,-0.33884319018331327,-0.5146641946060475,-1.4698821029881555
0,1,-0.8787289555508093,-0.77487692732347635,-0.39599243199182765,-0.5458945574054539
0,1,-0.7179249892682169,-0.6672356086285283,-0.9657954716342108,-0.7702489738476359
0,1,1.1094096058528742,0.7004696142178611,0.48555377453180865,0.5606050110744428
0,1,-0.8242261076117376,-0.8737464656642774,-0.31322527425538577,-0.717995092671434
0,1,1.581139108998175,1.6794666654917956,1.407042975883231,0.7869511526409364
0,1,1.8298726155412692,2.3937871339996715,1.7179324188972733,1.5618929990231114
0,1,-0.09680231184034117,0.5251768114746179,0.8338842280080601,0.2372253496373387
1,1,-1.5251054223424552,-2.044712134276394,-1.8649715977423493,-1.0058575917316697
1,1,-1.528277878929144,-1.2185589043050566,-1.6801787376279465,-1.2262407862424627
1,1,0.48323481783172134,-0.3810168584835267,-0.5645276128780665,-0.6823698650509143
1,1,-0.9947877485263691,-0.9660533610191134,-1.3939742196113902,-0.8489789308217937
1,1,0.08214262858844228,0.28775607754102134,-0.04268157411962456,0.5344467797989569
0,1,-2.1673929659591984,-1.6220915467480639,-1.8701750339931307,-1.5039588650730238
1,1,-2.4879919239120145,-1.9561546802687464,-2.7408444687817344,-2.5560108798821473
0,1,0.058209275414906315,0.0026776440919443825,-0.5617258838521558,-0.5427245163897578
0,1,-0.62500913753337,0.3398771950940214,0.7144998783328371,0.40896801813411415
0,1,0.5451285291105058,0.9905651410533857,0.6131127465632052,0.28633412342251924
1,1,-1.413269333029775,-1.0191275436989078,-0.2972717183103581,-0.5874834057643737
1,1,-1.9418705742321298,-2.350349916381176,-2.467604961541151,-2.036473268342202
1,1,-0.14979600393295756,-0.376804024614807,-0.6453294712931518,0.22668642457472338
0,1,-0.5322634125062178,-0.5183260613994921,-0.1691871743893757,-0.26964670960036435
1,1,-0.3359772596283662,-0.4827420278194563,0.4238375689577089,0.8962408434197925
0,1,0.2910621761718255,0.7322199743019578,0.0031986739717966063,0.48837303802829485
1,1,-1.6500843464015809,-1.675004558840818,-1.8450278768144863,-1.5815353189790375
1,1,-1.2638090894528764,-1.7672115875250172,-1.2661018832746695,-1.3861644360836054
0,1,0.7774366038657046,0.22836250975160782,0.14397774896355042,0.7913885739482167
0,1,1.6033656857722627,2.4480460605614733,2.1469127015380804,1.7166639257474166
1,1,-2.3828962783073444,-2.0695210479880592,-2.200575305664247,-2.03788148388468
0,1,-0.8806395236541791,-0.8263597016678157,-0.6024125993337024,-0.7590623010183807
1,1,-2.124707853648838,-1.3435914096824468,-1.3111256714616562,-1.036238273161401
0,1,-0.20064002337369655,0.07995072877474575,-0.447376566041944,-0.16273177156057184
1,1,-0.20428623142064503,-0.7361034586672823,-0.5035697153178392,0.26693956999697344
1,1,0.26676068502551736,0.39621312985729107,0.386435482376896,1.649905199739068
0,1,2.1667124010169863,3.184482568544607,3.5504941882643912,3.0311651708138534
0,1,0.8311470611337358,0.7120106340399613,0.8643218208050252,0.9840509675076503
0,1,-0.29392609265329434,-0.40438650941700577,-0.18912333315271612,0.04052883215643465
0,1,-0.3531313292787554,-0.07373328804489084,-0.10771477556039764,-0.6697948500768657
1,1,-1.7497857467898985,-1.5567521427235498,-1.8399963060079014,-1.5480917574885045
1,1,-0.17178886467504476,-0.8045512891289004,-1.4522661895694557,-0.9105336499000644
0,1,0.7643468892675925,0.7755010685209021,0.30626589973038015,0.7050401273841161
1,1,-0.8609409966875154,-0.584098002816827,-1.115489578038034,-1.121639040570423
1,1,-0.218524055760062,-0.3772804834088391,-0.7999072598468827,-0.39643254046739174
1,1,-0.6146853570248787,-0.0950855582263562,-0.14190725894855086,-0.10357352062973435
0,1,1.1814716935043519,0.6175255947899005,0.4452428953123934,0.20655568721383163
0,1,0.3234312651342565,0.9035044009808396,0.03178546344237287,-0.06140271358797759
0,1,-1.4483473551225763,-0.6801639884688965,-0.21556172201064705,-0.685256633432777
0,1,2.2327332660725734,2.91806606315154,2.6976227830921875,2.610740610576862
0,1,0.4636222456586207,0.7896126241801997,0.2597340918980382,-0.21219075003831622
0,1,0.6299951807565789,0.14924940340605408,-0.0017889239006431538,-0.5979788311138293
1,1,0.31133850616225955,-0.5176726208147489,-0.8169626795092882,-0.9810208330742715
0,1,1.7834948481169621,1.923510395220202,1.9371983912798774,1.7140178839037246
0,1,-0.5060182677922267,0.027455847787825324,0.04744427948163707,-1.027463459075723
0,1,0.29688383325055884,0.14480896346867828,-0.15032561340178052,-0.24213118852364254
1,1,-1.5154733993099165,-1.730579927097822,-2.307138050281426,-2.075311413717354
0,1,-0.7867510982486594,-0.157864397366332,-0.2794327011748149,-0.03637385351190637
1,1,-1.072950062176768,-1.1066192713019023,-1.5642641245968352,-1.3416135367726925
1,1,-0.8220370925999574,-1.2396370256497045,-1.5296867581290656,-1.5590420299539263
1,1,-1.3191706152092377,-0.7767307440834336,-1.1647291586956037,-0.808194891400897
1,1,0.9887365441756155,0.8666502021203104,1.0311687231741418,1.4309183541708188
0,1,-1.2065470290113671,-1.788254520435737,-1.3845459144374057,-1.7593783673444956
1,1,-1.3094499683967749,-1.4127397282444227,-1.9011816128937096,-1.236018763071327
0,1,-1.6715184892703945,-1.4418868142348966,-1.4802771355785718,-1.3983119999727396
0,1,-0.20548869067868053,-0.08227633391755197,-1.0033793945113827,-0.8610683965498446
0,1,-0.9381801293246109,-1.0008989772863672,-0.5397930516891699,-0.5511133676535249
1,1,-0.8131286923294949,-0.5086726330681699,-0.6473278052100817,-0.7939617295909623
1,1,1.0710053712285454,0.19871275458271803,0.08356592999720787,0.30788662158825036
0,1,-0.49451861319864476,0.11611459498342189,0.13680976539408296,1.0022701942678303
0,1,1.2378735430688481,1.112066153256917,0.49890431345814007,0.8001086595408397
0,1,-0.277696274947829,0.23914492760774408,-0.33272876661936096,0.31653271948217593
0,1,1.4857938032972733,1.2950440576543698,1.3152514950641427,0.8227944025443512
0,1,0.040557961465093356,0.17572578171546901,0.544667627662736,-0.27147678633047057
0,1,0.7740299667836646,0.8442365407109982,0.14154652168736534,0.2633611704715356
0,1,-0.9071579063414712,-1.1569854743371182,-1.095556128122278,-1.174277617945569
0,1,0.6986752054599664,0.7253289162049588,0.36381377462443076,0.2989883358883239
0,1,0.9791829665906895,1.0065475661723953,0.2964742101591412,-0.6069204361089827
0,1,0.6794488381070511,0.882926296743028,0.9190957915044059,1.3361302179980625
0,1,1.0115486380063634,0.3472419384351027,0.45787565907753597,0.5652746702916784
1,1,-2.1209146735987265,-2.118528568343984,-1.5695038396092271,-0.829242200431141
1,1,-0.6807639218188064,-0.5744189324452387,-0.47931568493535015,-0.02694134398304398
0,1,-1.2214177994451196,-1.2937745386594814,-1.8355503480848945,-1.7470119705656766
0,1,-0.2990940609211789,-0.6727744887457083,-0.3917154206730208,-0.2737124131735164
1,1,-0.2952714584258073,-0.3306275558755151,-0.09585340339724192,-0.25980104286894057
0,1,-0.9724877513750101,-1.32662395292759,-0.9322594149483138,-1.3039816842744705
0,1,0.8264449570089336,0.600460891104407,0.1959436997724054,-0.20119136225391077
0,1,1.4344703548926305,0.6926861489001975,0.8046538507875215,0.10966671619610682
0,1,-0.4940344340751935,-1.063636880909816,-1.2486181227073658,-0.16463782589687345
1,1,-1.2692995463295391,-1.1829597983913702,-1.2050270806556853,-0.3537918249660157
0,1,-1.5556672546352501,-1.3011415793407561,-1.6609775543134073,-1.9117778452637784
0,1,-0.6026312562928564,-0.7718613645139155,-0.11466551048126986,-0.3393119850696398
0,1,-0.5218922545890538,-0.35158497198532646,0.09062567981346226,-0.034903036642422954
1,1,0.9781274615014544,0.6944804701851108,0.5438804152949518,0.7657356788965237
1,1,-1.9075050654883967,-2.3289420572681907,-1.8875085354699375,-1.2443770233373128
0,1,-0.3844024817199731,0.26431499722706975,0.7463723191656952,0.6753877405019767
0,1,0.20129139682836525,0.2125456647893492,0.7464287027079843,0.751216945832752
0,1,1.4669522059459188,1.733726915078683,1.721760282241791,1.0596590737345704
0,1,-0.44578551414807815,0.4803221155705167,0.5872383664541875,0.5188575687019114
0,1,0.3175916794482204,0.7122938815816852,1.0430791860135973,0.32737447563965905
0,1,0.2877826029883056,0.3563166144944173,0.42511445454038943,0.7009619025268233
0,1,0.7903674981796904,1.0818528821294782,1.0059460638120001,1.270309922814831
0,1,-0.9306272155524804,-1.1430006117746623,-1.0955821882847159,-0.6277324675900274
0,1,0.49847952313265853,0.7679721830821479,0.8017333110499996,0.31181341357321424
0,1,0.9046110068833428,1.232198126961465,1.9424306896013828,1.2296805546216054
1,1,-0.7593251623560133,-1.8496636269474056,-1.5134622836470442,-1.4618338277080585
1,1,-1.8884283592083673,-1.8803442000877655,-1.1612663490294808,-0.7268309273848207
0,1,0.5064903058535712,0.9102609767687403,1.0543459261012926,0.7805013582774941
0,1,-0.11696125689921068,0.3874409871347696,0.08352823709576872,-0.03375819261510083
1,1,0.02664800983144739,-0.26537938808606665,0.17984734572593505,0.04320735566416234
1,1,-1.315188355752697,-0.7504460845994967,-0.9823663882813161,-0.23406239040336987
0,1,1.0023252509729246,1.0595545477452966,1.0123534977388233,0.5858986836351444
0,1,2.5341806221950045,2.1982510220052873,1.992075281319703,1.4442303369624385
0,1,-0.7093007092192096,-0.2536189794817549,0.31612010668827484,0.7245237482411877
0,1,-0.5900158276710747,-0.8650221479993718,-0.897233082880086,-0.3723875079727043
0,1,0.6346975963016832,0.18469254508114985,-0.1647962379815355,-0.49062640704563243
0,1,-1.4202642671557988,-1.4361865466229837,-1.0932314646468064,-1.50271228670848
1,1,-0.8697319625004751,-1.6242050454906936,-1.3789522922523316,-2.3273984914766874
0,1,-0.36358602147220526,-0.45475179409919175,-0.2826056225484431,-0.6345870974001917
0,1,0.8762854146552652,1.6325289718845652,0.889432500038176,0.24370321052505398
0,1,-0.12195922022501426,0.2529058970066506,0.20914656030206658,0.004675337351193462
0,1,-1.9128053508518414,-1.6930524126398614,-0.30204672401714766,-1.035925822783716
0,1,0.18564292243340078,0.15112881062432262,0.1753645913821231,-1.144791570455021
0,1,-0.15102219514966073,-0.470781104019396,-0.5995644949935609,-0.4185553167286992
0,1,1.200992439976814,1.1465509709697759,0.39887688982236524,0.9008664693993048
1,1,-1.5970746031152223,-1.5953082511045535,-2.001889666678033,-1.5188159324773232
0,1,-0.5156491575002854,-0.5451862081149349,-0.18092554803247612,-0.6314044080534216
1,1,0.4459008725138011,-0.03606299335224854,-0.5506220051291353,-0.6031456223841607
1,1,0.10512015049796836,-0.20836231335798283,0.6240195936035274,1.1316468189572257
1,1,-0.6787579263339448,-0.8387791287040954,-0.12272046284792722,0.3238548139176644
1,1,-1.0774713953246062,-0.6393541757574339,0.4703152134222971,1.5435433818549973
0,1,-0.3009935234303127,-0.33834061447235614,-0.5512148265044584,-0.34705617028109775
0,1,2.62646130888269,2.5792539861972488,2.0302897524462757,1.158860938081584
0,1,-0.6079084656617348,0.1934014818163356,-0.3975003622921966,-0.1285573311896781
0,1,2.4749164538479125,3.138703222035105,2.880612987636431,2.9402145747093633
0,1,-0.14583732013997494,0.17607906517310956,-0.03514334355412006,0.485023963002176
1,1,-1.0554418383289026,-0.5801076540807967,-0.9339087752042853,0.053521649756791946
0,1,0.06795304332189903,-0.3931521005182206,-0.3910059234423194,-0.333565367283588
0,1,0.9168254892899197,0.9377316531035519,1.493131814046029,1.1869017813292688
0,1,-0.13802217793384727,0.24030488632087066,1.265402840469765,1.1333171662179453
0,1,1.0663316988620721,1.4712644156324517,1.4681743599871084,1.1912959514800399
0,1,0.40292882735535174,0.3663898207412185,-0.23598795091449307,-0.2525604033334877
1,1,-0.8270060859217279,-1.3221698452826576,-0.8309827783974003,-0.051978371238482875
0,1,1.487560851645127,1.8096160874198015,1.5695247060073552,1.5150007111859864
0,1,-0.479719769817123,-0.4654761978450381,-0.33878398276821003,-0.9114052632283302
1,1,0.030875309822849143,-0.18432084935921003,-0.35405382370227595,-0.07231532310568048
1,1,0.4666016418876773,0.6132803862985331,0.3128466878276236,0.37624607793860193
0,1,0.8916319030102988,0.7468182649541817,0.6204234181093357,0.7522837728932578
0,1,0.3107476688299245,0.0015018723307153885,0.33721747495000287,-0.059751592454394424
0,1,0.7609097244202309,0.8392244706595916,0.5920626371900435,-0.3570184471110483
0,1,-0.24454814528202587,-0.5657200482131626,-0.3622624331353876,-1.1903635969202742
0,1,1.1787165134583644,1.1371853027446577,1.5713373832414634,1.4478743059957204
0,1,0.3059709919721449,0.39207510225203646,0.7820665454091482,0.7300108146010279
0,1,1.0895929064958476,0.7840024589202732,0.6702112604817536,0.533048730672445
0,1,1.1812897564332567,1.0053729994764642,0.2465695787229218,0.3993857850780815
0,1,1.1685795620540123,1.9579407585274242,2.261250246760734,1.9242898084395013
1,1,-2.6505488729277062,-2.4116811750652563,-2.79353952858952,-2.9504681161910415
0,1,-1.26953187356987,-0.5469932018313987,-0.9190196411241665,-1.1354001340229487
0,1,0.417710151969717,0.5581116476862691,0.5912504007639825,1.096013895696654
0,1,0.14559035268727075,-0.2640025516473495,-0.585773282717259,-0.2687992106029557
1,1,-0.09737887508181577,-0.8520111654351545,-0.3196972639670561,-0.3315676071021983
1,1,-1.3279824700426557,-1.8154317773711466,-2.029159304870928,-1.5000360933658752
0,1,-0.556182489172472,-0.5767857259332771,-0.37870236238218913,-0.5046353185821989
0,1,0.9802182365830522,0.8005185124163492,-0.05176326806614932,7.708617025659615e-4
1,1,-1.726370612839266,-1.3523723231642535,-0.42459610220519906,-0.08471159460796347
0,1,0.26290460697160367,0.027935552850760777,-0.6723370033886656,-0.8934721313802604
0,1,0.2932983273193028,0.23791854480759272,0.20515907260224334,0.6194254006976819
0,1,-0.13130437579036724,-0.050417417845592984,-0.05696713461520054,-0.4547328452680392
1,1,-0.6220838061284396,-0.48849107111681067,-0.5197493612107507,-0.5504012199517708
0,1,0.6082759586135154,0.08496495849922958,0.07296248357710074,-0.46730966857844625
0,1,0.6695196538390707,0.8009014833333705,0.7034252080960848,-0.3021686968677153
0,1,0.08278243786107897,0.8063603529973336,0.7285248265256956,0.4335683890950005
0,1,0.07993376930538591,0.5687376883615328,0.2721317158667252,0.4763383448301124
1,1,-0.2387550422738797,-0.9137944670242126,-0.2514809095322842,0.46188324590723445
0,1,0.5185322735039092,0.4509440113203518,0.8957321372547389,0.9470533761161971
0,1,-1.335372328751374,-0.8839161901165427,-1.5591725252902644,-2.3356117791683557
0,1,0.04141837055660079,0.1911040841096411,-1.151680180408957,-0.8272998282951075
1,1,1.5471880326650627,0.3855985044023068,-0.15067895897871103,-0.05716819391692848
0,1,0.8812369834238759,0.7145436471588591,1.1485943405763888,1.232995131708038
1,1,-0.16960075704564134,-0.9666574832850506,-0.14461593351120508,0.3197206287616165
0,1,1.7976447799757689,1.9575115656711999,1.7316416324039514,1.5436725950478554
0,1,-0.8768337607891356,-0.6348095452554544,-0.5929048531181054,-0.4323849485423013
1,1,-2.4566059911726605,-2.6128412338495983,-3.0604693519855997,-2.713052977894694
1,1,-0.5270808412673793,-0.8549292837782547,-1.137934889926575,-0.553609150103808
1,1,0.4420783250849555,0.10947448374570762,-0.5809562678390575,-0.5456015840883506
0,1,-1.133465331292139,-1.1464734096051978,-1.554659929693002,-2.1994109585882686
1,1,-1.5502897757367606,-1.1741842372060067,-0.0029534685003872858,0.533856559193856
0,1,0.3967760763498439,0.05973171818676337,0.6645841281894022,0.2729917079464959
1,1,-1.635108677425931,-1.75543976784031,-2.459578414812054,-1.8244946111371094
1,1,-1.5482416559803172,-2.4025110692334906,-2.3677935616335573,-2.9517170800626347
1,1,-0.5064480021764197,-0.5855928071445198,-0.6628436441793564,-1.4849499902411343
1,1,-0.9765828757673533,-1.3587144078000868,-1.1428672789787226,-0.9501850957214071
0,1,-0.65946915219964,-1.536270640917886,-1.607695093149689,-2.145696851068548
1,1,-0.1676051663431686,-0.2304931557551371,-0.48667944416531544,-0.45343630280220854
1,1,-0.3752669991814894,-0.1251071114958905,-0.3112998544116898,0.0335505944793886
0,1,1.10573153738345,1.471878075594626,0.3275225517625876,0.06415207787016863
1,1,-1.4124347118351768,-1.2867206160376397,-1.6925675871713919,-2.3523829777983556
1,1,-2.1121088109267907,-2.347531814677678,-1.7847857141689027,-0.7340934038125074
0,1,-0.5500876526405152,-0.7826445917327525,-0.3247424942867844,-0.9564529566174776
0,1,-0.289907724429904,-0.19432325012877255,0.21385159846074694,-0.05406238649167142
0,1,0.06026390715468001,0.07741822779210013,-0.5281976551352893,-0.6054866689694344
1,1,-2.2119201786430263,-2.185606498611797,-2.285666598960138,-2.1683018820100775
0,1,0.2279530409386941,-0.31095371746385714,-0.5205862979276884,-0.9654400126237784
0,1,0.915583391431025,0.804058454926504,-0.21642542494716743,0.16163508252286482
0,1,1.1223787178857192,1.1195141170083542,1.1924770141881176,0.30337854403620257
0,1,-0.9859911934171619,-0.47461030434956303,-0.32667148314620637,-0.010439673397324815
0,1,1.7000823817001232,1.9279592812710902,1.8077167768949391,1.96439664626282
0,1,1.1581882271881903,0.8563861800777429,0.44029784950375084,0.04578688377400708
1,1,0.22904530761545142,0.11769508577865963,9.089142488797858e-4,-0.11052412438543927
0,1,1.8344256830560213,1.61619018694076,1.40926571251121,1.5625930479142545
1,1,-0.34516946030079365,-0.7287550377525149,-0.20117517294345605,-0.34870634177463283
1,1,-0.6736788300850416,-0.625394163676142,-0.440076937727852,-0.9817773855617997
1,1,0.6515959798164244,-0.02074108213666008,-0.03244626219675388,0.17135754885545187
1,1,0.329034505108045,-0.13385010937308217,-0.312687896868621,-0.6690450667763425
0,1,-1.21944118004339,-0.891475565090722,-0.4836534643162779,-0.3026901465826385
0,1,-0.6723736469018794,-0.7957542675584679,-1.2747596222770898,-2.511989064737383
1,1,-2.2427178166248445,-2.422766588207491,-2.7300513791785934,-2.539040092098633
0,1,0.496135433284213,0.6964036152062264,0.8838930908039778,0.5260664698299228
0,1,1.5829504504551675,1.725551612794862,1.6667408272401756,1.6764195982662302
1,1,-0.05560430755279429,-0.47912759269045746,-0.04120107979426495,0.5485517979709154
0,1,-0.9171085284802533,-0.6245756085396195,-0.45355158324395384,-1.5040045343910733
1,1,-0.8122611906244374,-0.4603876517342093,-0.414354354387564,-0.5209522519303244
1,1,1.1051749541734568,0.6061787943670166,0.293372491123019,0.40150775298387387
1,1,1.2794182345311484,0.5001750926918234,0.7090954891974001,0.622682543569439
0,1,-0.11824368728354046,0.264034101106195,-0.2626911936521639,-0.7812320631259402
0,1,-0.588921591164683,0.20551962769653892,0.6774834174356406,0.8847910488805435
1,1,-1.7748670326453981,-1.9079269987058662,-1.9965226875226814,-0.9535942296533482
1,1,1.0080357073250643,0.48721473976245877,-0.041163383852210425,0.05424668869603994
0,1,0.5963287049960933,0.3620057855916117,-0.17332649964254887,-0.43806627098205314
0,1,1.1290615498349656,0.9842882439979789,0.6519608106753625,1.0334000014283438
0,1,1.5919709250939007,0.7959177607498701,0.7047621796477616,-0.010617505773529188
0,1,0.7601183233590851,1.161197994527948,2.1037490072632243,1.9436462736605429
0,1,-1.544551770490784,-1.9726376800071876,-1.0972684429623347,-1.147845849789447
1,1,0.22798278656578283,-0.022131971532492176,-0.47532867025681363,-0.5165728990720121
1,1,0.8746127473923249,0.37670323694023933,0.26226623167958585,-0.009096702191118739
0,1,-0.1467324419074554,-0.14724848219745523,0.4428350065008095,1.3077719704450919
1,1,-0.6896452024423314,-1.0149589289067213,-1.159402046056766,-0.7984445868261386
0,1,-1.0027019134006059,-0.7632589624462404,-0.33888783485197876,-0.3346327742145145
0,1,-0.2923136069486875,-0.12442666714630474,0.318997888638868,0.7560722125816318
0,1,0.9408139315148818,1.802870754499027,2.426006243955561,2.182983677467079
0,1,1.0926820345645125,0.8582079364175678,1.2605732282976925,1.319765558062367
0,1,1.0450462423353264,1.2156230711847993,1.629474419051415,1.6315873388043898
0,1,0.7678439344803343,0.8166700768696307,0.4031909718756994,0.7396301697610329
1,1,0.6037891036758687,0.7430592220962947,0.16010967767770437,0.5727037204603451
0,1,0.4343320219640008,0.2877676759362893,0.6530275072624881,0.20923816123287012
1,1,-0.03345252783475134,-0.45085310073895685,-0.3474245373328467,-0.767149786051486
0,1,-0.01635131476592823,0.5380120474494703,1.0086100963347653,0.8468200303495306
0,1,0.44194394405237836,0.4601305110350142,0.4433171980401853,0.29225075358539115
0,1,0.5696449581100517,0.17210661432355692,0.007021298320736492,-0.5127943013272225
0,1,-0.5457680619634281,-0.6320417278329438,-0.5942767003732466,-0.2571860581105417
0,1,0.24398303308021607,0.546295875410511,-0.1365711287496344,-0.9868007213695333
1,1,-1.9894282175060114,-1.485583974815024,-1.802005944437555,-1.991399293869471
0,1,0.567431948353567,1.0304061519075038,0.8837865149823505,1.0968894226308206
0,1,-0.549945626399274,-0.8025161171975519,-1.0597236973486843,-1.313512622554846
0,1,1.1367355596105626,0.9888567977590809,1.2676216222494168,0.7025503410452326
0,1,1.0130322146140955,0.5016320657450912,0.6181935049071062,0.8958635603607703
0,1,1.3625354938528047,1.7091327468246282,1.454694196634889,0.9208855062017898
1,1,-1.6638695658504967,-1.0750020111648255,-1.5824233140021582,-1.2930832574690454
1,1,-0.16601522736132232,-0.696379480548817,-0.8625224787663465,-0.39641384518997896
0,1,-0.09132457313605201,-0.24378717433660926,-0.5632985214904037,-0.8244212067328124
0,1,-0.259765740880045,-0.33404102255046436,-0.024702918075892786,-0.3080689082652564
0,1,0.6956147212651115,1.499002070840346,1.6671012173855113,0.9933288931050822
1,1,0.05714483128903884,-0.7628060476681213,-0.8160791389645207,-0.7196074161161413
1,1,-1.0578216018252087,-1.2858435154388819,-1.4289284106918234,-1.0955205403137018
0,1,-1.827216789792887,-1.8818373011781726,-1.4573543691993234,-1.3621044680666163
1,1,-0.3222677764838303,-1.054373330931549,-1.3340974766611906,-1.6273578499021113
1,1,-1.236392292559584,-1.878687071608104,-1.69889530869098,-1.2369909060897437
0,1,-0.2483457641741725,-0.6230056465462472,-0.4462856453413752,0.8267949956347537
0,1,0.12355390646676746,0.5867536447730983,0.5664965381740271,1.4316846533670182
0,1,-0.2179725734803326,0.8271520351690818,0.6506328833529188,0.5702689705735395
1,1,-0.9915661985708166,-1.0660327766076156,-0.7149347406211352,-0.05588872768060015
1,1,-1.266143276063246,-0.4471258968368054,-0.39323970150385507,0.056414497515371594
1,1,-0.2699152117387735,-0.5749949974934359,-0.5741009201216093,-1.2264960338114756
1,1,-0.9349774848988747,-0.43495706679508717,-1.4742917270884326,-1.534929381355966
0,1,-0.31184628604103115,-0.6658245807636244,0.11531194678528671,0.47697622523148475
1,1,-1.6832197973531244,-1.606653062152755,-1.943855390129722,-1.5603346233630508
1,1,-0.909819156222126,-0.7625431431673754,-0.8116214891419098,-0.3217950122477372
1,1,-2.30188844603818,-2.150553201838269,-1.6548750965886836,-1.684854291542246
1,1,-1.1109332896764788,-1.1738698063248814,-1.8190474408751722,-1.2930356454751277
0,1,0.27172251422131943,-0.07898792359863575,0.49513419198629616,0.36657574048521974
1,1,0.2601890653612842,-0.07357281508481983,0.20114112525759506,-0.22104686259696654
0,1,0.5927674577773717,0.6818807951139477,1.2904233908063414,0.7511873637280434
1,1,-0.35968142378154183,-0.2416721230976727,-0.4999055919096084,0.41286108734911836
1,1,0.5765063165360631,-0.19561584800502102,-0.041197168785239366,0.2579005076769393
1,1,0.837102871660367,0.26587167808440315,0.18630913307309854,0.5345300826351601
0,1,0.0678567753937309,0.009199940224003661,-0.040696922461398,-1.488080179362574
1,1,-0.3762838308548125,-0.21179126046884997,-0.9037268407651317,-1.2201087564629851
0,1,-1.9044901817695916,-1.9925760985389112,-2.6166127615270236,-1.9008971798005847
1,1,-0.8628678276018549,-1.0479146702088737,-0.7929674422306695,0.29387654961588355
1,1,-0.9661969668933819,-1.1699858313420808,-1.140917831067284,-1.8225601740015107
0,1,1.3522771621223235,1.384823759588836,0.2348500919189726,0.25502010669780767
1,1,-0.33975741898899886,-0.9041244669370042,-1.1823076841442517,-1.1463221755796715
1,1,-1.4855193675077294,-1.963215803692312,-2.9211572364991185,-3.2858367054551514
0,1,1.7075557569468172,1.805565719965272,1.7414120686448857,1.882510087986625
1,1,-0.3861812518754684,-0.8460396293318054,-0.6879076411080411,-0.6010668751267013
0,1,0.35110039733961673,0.5430926041405343,0.6092978986193875,0.39221286836814784
0,1,0.6502615862185829,0.34160398490409305,0.8019981686607459,0.9609070368213755
0,1,0.4648575760822495,1.0458923544936325,1.2248141739306977,1.3820531763792947
0,1,0.2524034248922413,0.21817273527698872,-0.16173430420883805,-0.367582904353711
1,1,0.2320564185310604,-0.3950744613680873,0.6791086583634622,1.2302931620776603
1,1,-0.6128892511168448,-0.5959499843794042,-0.35901135932418693,-0.3183790600873765
0,1,0.24320152391618058,-0.10094092498891719,0.5567069131282676,0.6172081002790251
1,1,2.394890732501904,1.7963858104073036,1.4232631107743865,2.0277599890648808
0,1,-1.3677695502448994,-2.084100819016708,-2.3812002400941266,-2.2204100317161504
1,1,0.22604105378476788,-0.010858184394828541,0.2651766581335117,0.47509289877770644
1,1,0.04705065004310518,0.08183372867263541,0.22721607794141374,-0.23286149556844743
1,1,-0.9715952770458961,-0.8967378892000496,-0.776436696442844,-0.9549998035929724
1,1,-0.7733761822923029,-0.13792996458117301,0.4775072389877282,0.34997403235602187
0,1,1.2957061725526458,1.8337560206565906,1.8067276994403634,1.973452734489852
0,1,0.8186543148014459,0.23350490707462687,-0.07037541117659087,-0.35720006245845326
1,1,-1.37761063600888,-1.7883192585830674,-2.3853960052852017,-2.2945732156557352
0,1,0.3778319234046374,0.7201130687837392,0.7365689672262568,1.163480550264281
0,1,-0.3253049976591973,0.36707391736186495,0.9176339695994034,1.0095015709394812
0,1,0.7919435481501023,1.0284133330738032,1.0698888994723112,0.22484852699822452
0,1,-0.6349240327635903,-0.5618037556526636,-0.7699420732959342,-0.7643686118979086
0,1,0.8157898406955736,1.495507460067548,1.9978768745527211,1.2884375558073236
1,1,0.18847705231755824,0.19193559387318837,-0.13539550148921634,0.034361923782110566
1,1,-0.8258240237241977,-0.4932859181240709,-1.02323430860807,-0.37148662312755476
0,1,0.7724758439985422,0.5402107815893373,0.03731268610879879,0.6792439781914815
0,1,0.674422652765206,0.8732182631069201,0.38470655138196114,0.2551353345940539
0,1,0.4445674233573307,1.375295938455101,0.7158367745179472,0.8683101688714119
1,1,-2.1839849323839164,-1.706309820020067,-1.7358243405690235,-1.706694833300213
0,1,1.6700897348334436,1.772131985868568,1.8017639193453907,1.8454367732963881
0,1,-0.5638097812661694,0.02217831227673154,-0.14453827993960608,0.16976825630060272
0,1,-0.4541434345982171,-0.26921512292999195,-0.010085348865738204,-0.15511410458874972
1,1,-2.226366591195181,-1.897252942864005,-1.5224665354686584,-1.3365369862535426
1,1,-0.3168063181196427,-0.16855296132520217,-0.2918867948182588,-0.22871021096487987
1,1,0.05747335427448957,0.4581534625203863,0.5154847903924198,0.793635246716027
0,1,-0.2161740837251662,0.12500223139594974,0.76274374774939,1.3542024349988944
1,1,-0.0596703093087183,-1.036246349321588,-1.5775617155642871,-0.99734896516239
0,1,-0.5911369297162508,-0.20802089822689634,-0.15539413628544638,-0.3736098242681294
0,1,-0.9071603658902725,0.008372881827015701,0.012761461871309554,-0.5891757486758811
0,1,-0.7724960605054628,0.03326938236087641,0.1431456844384968,-0.2784942620076183
1,1,-0.6283571935666592,-0.4021226872955571,-0.08944821249209124,-1.0339844691814306
0,1,0.1823057976658411,0.6137396368152689,0.3633605486671513,0.20500678761915728
0,1,-0.3536043044710222,-0.9132758913656371,-0.6761640235804776,-0.8714614683318708
1,1,-3.0669259120125663,-3.3865753042220534,-3.8058484838076785,-3.4954899168753206
1,1,1.4902767888127835,0.9979749727948914,0.5015536989517811,0.7475497445108881
0,1,-0.48433545584033294,0.38602420730562115,-0.10242795614703337,0.6382998466051946
0,1,1.861463783403954,2.1109183444759236,1.911080106273586,2.0196243998909678
1,1,0.24870281763506244,-0.5537358911833572,-0.3759256467228688,-0.22465961393345832
0,1,-1.4466270264260601,-1.3607084601730777,-2.114016352294136,-1.7432598766002856
0,1,0.7741235477528087,0.545288889636908,0.10172180485608436,-0.1240197349136211
0,1,1.0701765158207368,0.773613474073963,0.7723694385987336,1.947587749649636
0,1,1.270615422814657,1.4297063086253703,2.0002587624778787,2.0522205589308453
0,1,-0.08048784590506687,0.03529486795956009,0.7672469564833365,0.5180065679301222
0,1,0.09045901957108693,0.7863294843510157,0.34484225109550964,-0.42356009090589314
1,1,-0.49088805846949213,-0.7865118662180357,-0.7817635142450853,-0.5822505171465863
0,1,0.18687185271738282,-0.1570166845706195,-0.16506235292123114,-1.0362651136473198
0,1,-0.33412213425370296,-0.3552211303046533,-0.6171455112140047,-1.0111390444877593
0,1,-1.3276497115989028,-0.6158933604203851,-0.6324356418929163,-0.6032940819202388
1,1,-0.8266994444438446,-1.1178130818640108,-0.7036476636094727,-0.9230975969902078
0,1,1.0548515936769127,0.4928126685450275,0.6447607255362274,0.1497875577320392
1,1,-1.410974658206446,-1.1529412930515546,-2.417618879428609,-1.6749809329213934
1,1,0.3447138439851403,0.7549923300708383,0.44183670638309264,1.0420494958039057
0,1,-1.5472875601402392,-1.0059385591269014,-0.6485034457630411,-0.6896088926809295
0,1,-0.589913482757351,-0.5527753610240239,-0.9020915342176324,-0.9401407829162779
1,1,1.0454876899699188,0.9713551378397123,1.4454328757403816,1.7488407977133338
1,1,-0.8572543746079386,-0.7718774593221658,-1.0775177132302445,-0.6083286835410021
1,1,-1.0440140606163897,-0.6787230910463492,-0.8394371918463199,-1.2067456969132417
0,1,2.078807007720861,2.0152822065895095,1.6513642551854129,1.6379790415048177
0,1,-0.08178024974506998,0.5212138147033727,0.4873836349920843,0.10581423384866742
0,1,0.3069000530835763,0.6142066299827522,0.2883020023341878,0.3866457937113617
0,1,0.8914155661963723,1.415328801128879,0.8572594621316675,-0.07584012631885818
1,1,-0.9790654899952366,-0.7410250584868732,-0.3552484944311374,0.10989135237516606
0,1,0.3042072142250229,0.5513412277483839,0.866274580986045,0.5277177439140851
0,1,-1.0531248172411325,-1.0501235472871338,-0.010714310078726202,-0.42701625439590396
1,1,-2.611803252743938,-2.9533389642172025,-3.0925371439523213,-2.84598067702139
0,1,0.4250208829941969,0.26304182357700084,0.36159461045405794,0.268105587236747
1,1,0.09515842465206319,0.5543712266621326,0.2853255719952675,0.42363359825849434
0,1,-0.5983309533537902,-0.46311684620622123,0.09278289041162155,0.5801294809185918
0,1,0.16409433516062524,0.2782385539993445,0.2018787615385625,0.14369033908891976
0,1,-1.126366306133887,-1.6548644466148705,-1.3294328598734528,-1.1780934909287908
0,1,-1.1898456399690933,-1.0260444386735603,-1.1625306194019531,-0.9600270442240387
1,1,-0.9158609865492752,-1.2581576684699962,-1.706068207885073,-1.1990604066593877
1,1,-1.423930080716209,-1.4665430248332039,-1.33058127764512,-0.7515665191902605
0,1,0.08718104023917922,0.6122961992767865,0.2039841874372804,-0.18754633323813813
0,1,2.2792807781828275,2.289622657304989,1.8887327637064961,1.7726180231517008
0,1,1.0224719535011535,1.0499334046571442,0.8706508821041656,0.8919615728189398
0,1,1.1543592231366144,1.1046035952380684,1.131508246032021,0.35334650000451634
0,1,-0.3822355566855745,0.18485334368326847,0.9234342614309315,0.5327033257366698
0,1,0.3744274803115675,0.5639770406376777,0.18843090148637942,-0.45715040003167345
0,1,2.476178366333008,2.6420744838080368,2.331315451505277,2.072921863711789
1,1,0.03322192900968359,-0.08015002457941921,-0.15642654893979763,0.33920785091729455
1,1,-0.6680590363385629,-1.214311316115182,-0.8015194941917719,-0.3515969372129544
0,1,1.5253652628511738,2.284252686514552,2.1058674290570694,1.770167220381546
0,1,0.9168287609654533,0.718758933661658,0.7811914811045728,0.6717698147456342
0,1,-0.044720745023685664,0.12732086311528343,0.3388808641560426,0.9507066720780666
0,1,0.9025003953772868,0.17473277729736802,-0.04156993497868338,-0.9975679243331624
0,1,-0.1547509423514559,0.012332666492658465,-0.17278656024664513,-0.22460854041174458
0,1,-0.7808209708950421,-1.137264233777703,-0.9734045963356207,-0.8617322705762824
0,1,-1.029073773082097,-0.6107322595335999,-0.7219057633637627,-1.2170483181282568
1,1,-0.2968883875657395,-0.6998228520930556,0.04953157607844292,-0.16719294429205325
0,1,0.33733153789142256,0.5352314147309829,0.6277005507760999,0.6493898325324672
0,1,-1.1084759803873834,-0.7890753664482999,-0.8903364878871038,-0.785113402059013
0,1,-0.18505966185519984,-0.12122701207097991,-0.006894048173557593,0.11645283149231189
0,1,0.27835327357996,0.4283236975941747,-0.32237176051850075,-1.0361228540513738
0,1,0.5732601458814335,1.096780112848032,0.9286089499758541,0.7848347407572102
1,1,0.6411119845731358,0.7970802208716304,0.9934567673332112,1.2904071631280154
0,1,2.1145206680396225,1.4128217942172698,1.5737472307235403,1.0846410026358937
0,1,0.28597468650618585,0.22069003170089113,-0.22281603841095565,0.12682483255829566
0,1,0.48362564421996884,0.5476373555088833,1.0043893879614691,1.184091923815151
1,1,-1.8083053809247362,-2.1069925968397714,-1.4062145762067975,-0.8558457023638034
0,1,-0.6759556294949509,0.09000316705282276,-0.21338447358915733,-1.027155856418592
1,1,0.22244977107513245,0.047200809983907265,-0.9511699984378329,-0.47213508270448573
1,1,-1.348648122373656,-1.097251773891034,-1.660306455109909,-1.197997989017022
1,1,0.2630402994632421,-0.656138596741992,-0.5823495899563123,-0.10368828466427489
1,1,-1.8309044635909346,-1.909922114796921,-1.9526939126914074,-2.180188511157199
1,1,-0.49522861110698896,-0.39720180002709615,0.05558308745440692,-0.32564331850104467
0,1,0.20781068324797833,0.030419693249956924,-0.022614270846857784,0.3888849990320247
0,1,0.2004792187740202,-0.15764369171039652,0.862340463400633,0.6957649715433669
1,1,-0.32689067914649284,-0.13940686035581176,-0.28619322669755537,0.7675130175857251
1,1,0.3747846700546907,0.4835360272059682,0.8661729631282172,0.5928249898361214
0,1,-1.0116085917847795,-0.8892593262723129,-0.0394624381997002,0.17903399416563964
0,1,0.6171487566068208,0.3663605926904164,1.133773580182901,1.4694105568405245
0,1,0.5598267385622667,1.0479782639076214,0.706615223438814,1.0240649186809132
1,1,-0.7367034672407059,-0.7058250204067135,-0.6770671984720968,-0.41070817438402873
0,1,0.09940793599644092,-0.3775861140298051,-0.3749017128304897,-0.7458355582782681
0,1,-0.19492455034089468,0.14524602187725563,-0.18704117348143928,-0.19507157777230713
0,1,-0.546291103532488,-0.0318578829206489,-0.2357305553642981,-0.5430583083579578
1,1,1.0884923074843482,0.21230628103378302,-0.2870156220264931,0.1752004219665103
0,1,1.254362417641954,1.5430383117051552,0.946430581224803,1.6708566213217872
0,1,0.7333860509271107,0.8861607221636632,1.6250833914077694,0.39175468918050466
0,1,-0.3733709278908974,-0.05162737387161189,0.30264050687130567,0.14481437435586003
0,1,0.7101248374732682,-0.10214924744570486,0.358980375342739,0.07169780714332714
0,1,0.4371024394320112,0.5863415884175048,0.7972523555558363,0.1789162310600598
0,1,-0.2742382638639727,-0.5123000333175584,-0.44565147755297985,-0.790672853902465
0,1,0.3092020266014295,0.6804509855548858,0.5088298232153133,0.16353262873360114
1,1,-1.8517016205736758,-1.6783361369562158,-1.7543157025538256,-2.3356454971262863
0,1,-0.6059891581469679,-0.6604548179090531,-0.1420355824776405,-0.3888424340162803
1,1,0.230084629550146,0.022644279187719572,-0.11752761323602404,0.3324615811172139
0,1,-0.43291865058380063,0.15058196089817583,0.2670418163093429,0.19888828155556357
1,1,-0.18093106015311752,-0.38655516284307334,-0.13177517722391474,-0.1701605899747283
1,1,-0.2297006368969004,-0.36051239702003035,-0.4828132522425526,-1.221707905783911
0,1,-1.0869522879812414,-0.5625023236236337,-0.19317286274593184,0.8706879231539792
0,1,1.0154390774913158,0.8579301995315848,0.3775579203398399,1.178481781921983
0,1,-1.1710170288008215,-0.8116320326408886,-1.3328220002565756,-1.470860955045482
0,1,-1.2107354757420563,-0.8186923284899312,-1.0812644289259967,-1.3671406453513666
1,1,-1.2255724475588086,-0.8503854999114991,-0.47988364378853327,0.19998259378094005
0,1,1.597523074100409,0.6593844905241243,1.0668548358025127,0.06498763306062323
1,1,1.4060888760848624,1.2687084711056302,1.187162264645625,0.712406404258055
1,1,0.8782277811127022,0.23608513852638865,0.16196983834669562,0.533440652230318
0,1,0.7859727129130014,0.5002693232250615,0.07321314993243203,-0.038272112759714906
1,1,-0.13127180132286706,0.13395468366606522,-0.5100232111777063,-0.47142215252839276
0,1,1.0979448170254746,0.7168631764475246,1.007301306835273,0.9923564325224552
0,1,0.021143094743408166,0.5213791011753175,0.6738262151970713,0.6601631384450715
0,1,2.0323804750667,1.8129727052771059,1.289877920134171,1.361664518968456
1,1,0.7683603561867449,0.01652700597183178,0.13900919733349054,0.2857948603635083
0,1,1.6212127993934675,1.1797900433904265,1.756566454260362,1.6344604331296395
0,1,0.6220596360187709,0.3989306636294019,-0.34413674842067027,-0.7508058414521984
0,1,0.3718719114673932,0.4301797075037598,0.10339406512370174,0.5847712902446052
1,1,0.15274304287898893,-0.15071992014844524,-0.7724547531839103,-1.3267556585006903
1,1,-0.23545341836178454,-0.6606144504193008,-0.9662705498980377,-0.1890886168967398
0,1,-0.6266884883775576,-0.05038608392180067,-0.08128241692002862,-0.05809269837712787
0,1,-0.7010820611238145,-1.0359552811596071,-1.3029667698294565,-1.2486929482762148
1,1,-1.6745880856281443,-2.08628695944014,-1.725127316742204,-1.176418149284219
0,1,0.723811130994027,0.6114659196551171,0.5466160036866589,0.4989224392202855
1,1,-1.5509250684620717,-1.7205792878751254,-1.1120084025760384,-0.7000214543023512
1,1,0.8062064503419999,0.028219745171161947,0.2730108322363482,0.32092711875963137
1,1,-1.974551725075829,-1.813119210087382,-1.820868694249518,-0.5158606418522291
0,1,0.09602688772532955,0.56756725343267,0.16068667069822062,-0.6615105575878025
0,1,0.1370738148266944,-0.1300769568625664,0.47308870061164093,0.5649481022903524
0,1,-0.5664728756690037,-0.10128679983959032,-0.8696839452725406,-0.7184125694802589
0,1,-0.4733934719519651,-0.4970089105903684,0.054082039020294216,0.05016946406773328
1,1,-0.5179362578580987,-0.16182650799520346,-0.3973066976478322,-0.1738096108231346
0,1,-1.0489343099111086,-0.26334895177432965,-0.8292056906863512,-0.2285951178439634
0,1,0.6307003128392757,0.20451147682686974,0.37853922129911494,-0.13846541031926257
1,1,-0.7943135633120378,-0.5455678415565374,-0.029870379978303146,0.43212802940975936
1,1,1.055836996269321,1.147907209740327,0.8670424575450476,0.8936230707963995
1,1,-0.47181059621077404,-1.3014186631185563,-0.7810728867415306,-0.7698344605001038
1,1,-0.6243006501785695,-0.5720018678978296,-0.9174552728288863,-0.8163174099823155
0,1,-0.09625195460712736,0.5350719324812152,0.26583089618092404,-0.22419237297563416
0,1,-0.333776911030493,-0.005460362209672285,0.36387594859142985,-0.11482104941035011
1,1,-0.7605367486293272,-0.4535771924589123,-0.4595064412774933,0.03756163101914294
1,1,1.3548451107629544,1.1416396740005692,1.1671597969535608,0.7489507178853576
0,1,-1.6485420782629332,-2.2357859377522713,-2.2993972128012867,-2.8314358597221094
0,1,-1.5107312486518192,-0.5657574341541177,-0.27228090306238895,0.4304668314234217
0,1,-0.9173982422629268,-0.6248470598726957,-0.5617616152357483,-0.4144755394663973
0,1,-0.08361745566261967,-0.5166839225198414,0.08597562331687032,0.10895436865164405
0,1,0.7544986389968239,0.3942643856867042,0.5066278642457057,0.13317677023863042
1,1,-1.4485788511742947,-1.6794243353655578,-1.8659673544046858,-1.2802895766522961
1,1,0.05951547742042883,-0.637792599417543,-1.3229207697304073,-0.8199773816912715
0,1,1.4752418524536544,0.6084010644501797,0.8294759947715523,0.37145101984366125
0,1,-0.6725018084175947,-0.8185403770923406,-0.3391182474838487,-0.8086428336012861
0,1,0.41439868268122143,0.9341788704070243,0.16397937151023598,0.7707975011647686
0,1,0.9266702919615025,0.9590469188118587,0.29482674280332094,0.30859203298196175
0,1,0.011048154398091448,0.2760259378728181,0.5909827630227401,0.9521449640929239
1,1,-0.41038709168010507,-1.03016159439594,-0.1807967558269989,-0.39947564786711925
0,1,0.45130707388382324,0.583022026241998,0.1102547065318792,-0.5729244385635328
0,1,0.31884780249474975,0.0069507558036431575,-0.25345737921313305,-0.8555481357537207
1,1,0.13960611057039563,-0.1968389162126984,-0.10996890483163588,0.13768628883417555
0,1,0.9085544692734614,1.3207731654801649,1.0823655539499546,1.6666546970221021
0,1,1.3223496020565229,1.5705229571036847,0.9959372725839439,0.37925258688748276
0,1,-0.5003014005578521,-0.5018950529854308,0.09986568178031782,0.3482887860798973
1,1,-1.0950914242338758,-1.3123001973011348,-1.4874301572262179,-0.3983484188068162
1,1,-0.6827876340602895,-1.4476254684040484,-1.3727813128510045,-0.800191023035026
0,1,-0.13466149563981075,-0.23720497113857622,0.10885986027765529,-0.3792381972647416
0,1,1.9352798012213566,2.2644324103971467,1.5779000147076205,0.6276669252861351
0,1,-1.686456351008648,-0.8426028309852599,-0.6843690994639706,0.1771743887976635
0,1,-0.6654944791309215,-0.3538399812375212,-0.21838375985249567,-0.3660861667136844
1,1,0.15069025853794252,-0.5769701360060161,-0.9583417166548194,-1.187978728811469
0,1,-0.1695756381425733,0.2502270587748124,-0.9299514408091148,-0.6734961152947073
0,1,-0.45093841928757145,-0.7370814489822702,-0.8583742955582689,0.1949004078626487
1,1,-1.086606401949741,-1.241041006132724,-1.6818027367637531,-1.0789760258303562
0,1,1.14270437935784,1.2833151846456792,1.1000302010993586,0.6170224310821962
0,1,1.635693038172709,1.2973147478986748,1.3580666220355355,0.6830621115548424
1,1,-0.3699580998914378,-0.8750765549484283,-1.0689130217848155,-1.0594643349801518
1,1,-0.5611536431350174,-0.6722145203524889,0.28570200382666544,-0.20437153385804963
0,1,0.3741555458985009,0.9268773669062749,0.860485669154545,0.42649695520757025
0,1,-2.279770860981016,-2.159770012460255,-2.4351870616480884,-2.442181772676518
0,1,-0.1767113628271639,0.6225965684718339,0.6014787312872933,0.8616869994975445
1,1,-0.45358114173090824,-0.8059180086686812,-0.7145136572382733,-0.5839123805386247
0,1,0.31075100073924594,0.5585860199160457,0.14902497070509957,0.24040017205612327
0,1,0.3465824190837831,0.2977460362102182,5.077068018551502e-4,0.17672118470056503
1,1,-0.7394690831662103,-0.729308998382864,-0.43076904695599455,-0.4019531053589447
0,1,-0.019273111286336915,-0.05686666935020959,-0.11557169013718695,-0.4141514151589513
0,1,-0.6540330564355201,-0.8380973049715829,-1.1236852825815138,-0.906004685809721
1,1,-0.8391406085272862,-0.8821102188476319,-0.4286254146931961,-0.03026205154897099
0,1,-0.19617092138149655,-0.23434760219016068,-0.04238603506545087,0.22863347823141475
1,1,-0.007197982480488333,-0.7081661973878772,-1.6307415640986578,-0.9564041189322445
1,1,-0.6490620687615336,-1.050203767552749,-1.1636161266826481,-0.8019403570869531
0,1,-2.737681451661828,-2.3304430059030863,-2.10706365087229,-1.136125178012344
0,1,-0.7456988909185363,-0.030061996399602074,0.42173291215774183,-0.28606782798212055
1,1,0.76742010045965,-0.2033572296499182,0.8826504478082459,0.7447039348127946
0,1,-0.20741138896617117,-0.08685732693869154,-0.6772598994515235,-0.3486972529160529
1,1,-1.4322426592098434,-1.2436982099151046,-1.2848148630006515,-0.823118219114704
0,1,0.8754030236550986,0.8531877618010906,0.7851159353776177,0.7437662568192108
1,1,-1.028357295987551,-1.1466162860879323,-1.776828321302018,-1.9421146515533636
0,1,1.421455463242198,1.972000657148081,1.9423075086010195,1.0825884770379375
0,1,-1.5691654336001835,-1.3554215878239184,-0.8967113261452623,-1.0693700169651177
0,1,0.29829639267497043,1.6419219660959068,1.2508374299358567,1.2435101805894366
1,1,0.9684391502515409,0.24691548209432418,-0.13172365348850482,0.9414365476377932
0,1,0.7996392229326631,0.6941849154378247,0.5337286936262201,0.8382214941288285
0,1,-0.32666252363429016,0.8669999431685618,0.5454344710703671,0.1322551622715702
0,1,-0.771166308375481,-1.0646431192213974,-0.41682679341765705,-0.8122498534087664
0,1,-1.5686535114925388,-1.06325942823332,-0.47327860374711606,-0.46008734602465623
1,1,-1.9511076278586397,-2.427096316308255,-2.2869071802822356,-1.65811925263167
0,1,-0.8566487273342649,-0.9363366885275511,-0.43737274376325674,-0.5547313158503583
0,1,0.16566309701091794,0.3809027049979403,0.5841737143305517,0.7905364379743756
0,1,-0.19958125743340954,-0.24028789328102435,-0.9247184961647038,-1.0092495130924333
1,1,-0.054891685538626535,0.017925254306286748,-0.11496300617498409,0.34771818670196764
0,1,-0.902043730625517,-0.9421518384270071,-0.6109349542808218,0.08246809569733131
0,1,0.2622418175138577,0.1288718751287198,-1.1523950561645186,-0.8342261038908645
1,1,-0.6963066934076263,-0.16371619522750624,0.06487292465144748,-0.10740211352277296
1,1,-0.4294672225532428,-0.9809878183202966,-0.7581939177805203,-0.8713747145731775
0,1,0.8554061660226164,0.916071586326152,0.7054864408453364,0.22938755939039313
0,1,1.8015256171769158,1.700501669672061,1.1672136645388904,0.8749007234734176
0,1,-1.963855932762315,-1.300805990515639,-1.8508872747322218,-2.4326297707670625
0,1,1.0540531475781092,0.7893845725140293,0.6749652541440517,0.5207802113681542
0,1,1.080968775604043,1.6159516991584537,0.5859181227430098,-0.2610334860378889
0,1,-0.8559439895440006,-0.8800053212727782,-0.3047483526795215,-0.12299864524341339
0,1,-0.4778201840383953,-0.14009189616478243,-0.3907552101373711,-0.960250882226819
1,1,1.4103944350170525,1.0013292715026574,0.9889980783317204,0.6099387282806578
1,1,-0.6975607227019838,-0.8404382705395287,-1.1568709591238262,-1.46381862045784
0,1,1.6685920685206577,1.4214470158967558,1.3795441012164953,1.5450716053220943
0,1,1.7812340640894562,1.208127359247895,0.6526887910276875,0.23075505079957218
1,1,-1.7225417887502885,-1.3092291641062872,-0.7451827270836333,-1.1180073724219657
0,1,0.01415158057697303,0.26648941385184194,0.407640023330356,0.9745969783693914
0,1,0.5969898806657693,0.9493449722912215,0.9004047679290218,1.688558164179602
0,1,0.0313217372789,-0.21561908896846788,-0.3325212683480117,-1.2439530606414386
0,1,0.9204129457701284,0.8145055406884223,0.6481127217182681,0.6564853275817075
0,1,0.9286455576555285,0.32687931836269984,0.4041517173757183,0.4913732386372507
0,1,-0.7065871069323011,-0.12050690937315217,-0.21741277869947265,-0.6393876831264317
0,1,1.612942272985113,1.870045299803505,1.8474490787991147,1.7151862002154383
1,1,-1.8943431837749545,-2.3011203766381048,-2.3336343139522118,-1.9838257592263167
0,1,0.08598721309231158,-0.6078165311118088,-0.46168019752593853,-0.24882048196242634
0,1,0.6432128559655166,0.9647403801294852,0.542373344285258,-0.0254492625403079
1,1,0.5261446082966056,0.5301137814889753,0.3713787126226051,0.4268479517972734
0,1,-0.538534589259891,-0.3809157532211663,0.020127321087690248,-0.9182176461612288
1,1,1.1428240398534761,0.18801625699080377,0.3117849624497756,0.4429456833765591
0,1,-0.9643590200586216,-0.6206570693707243,-0.648423295641911,-0.3421426585426348
0,1,1.099854991251666,0.44087665829143247,0.19829615254436814,0.12236924239446258
0,1,-0.5063168723140369,-0.8710670618263839,-0.1826924117686205,-0.1932785722997368
0,1,0.6228155453793466,0.30136201921703887,0.2749004687139926,0.5532474373930966
0,1,-0.044639284524559,-0.2606444462789119,-0.32159434186978336,0.1375979199629886
0,1,-0.8210704103106288,-0.2488903359261271,-0.7017874844571326,-1.2090407487266894
1,1,0.5200416971195767,0.645327352185961,0.3224460221332168,1.1256960822776132
1,1,-0.27743622095025816,-0.02485043756415942,0.019848726467182172,0.3697392205601225
0,1,0.30986970223757593,0.28696301990525336,0.9485734991588174,1.8403867651114278
0,1,-0.27017200262745594,-0.38121144802105594,0.011530488700143882,-0.30974075016166613
0,1,0.7762454201546519,1.6318341276297437,1.4687850445856303,0.49985642244908124
0,1,0.36651912021236116,0.7212756496711648,0.5178946785231932,0.003043978249003873
1,1,-1.1985212639629421,-0.6684169794730573,-0.3757031634431719,-0.43851167721532786
1,1,-0.2689248904425299,-0.7895814779690086,-0.6237681574079483,-1.0944943154303168
1,1,-0.3255340963007775,-1.0336610346136368,-0.06563121033003873,-0.18191973377055476
1,1,-0.4371342282585788,-0.6419867804334833,-0.53715623162929,-0.08949318595711878
0,1,1.0887833208898443,0.7890698916710501,0.6185137032074559,0.5183186846810767
1,1,0.08057807964680933,0.41862037354682036,0.4190429691885106,1.254109861882754
1,1,0.2370912725373101,0.18014732252905968,0.135038350861071,0.30230466938243283
1,1,-0.3085924809039818,-1.0588696692400112,-0.5789628193705075,0.1476327776542159
0,1,1.193052608132841,1.0932570745722499,0.7809515948515999,0.9463243830789346
0,1,0.8094086660518526,0.5878066943818404,0.45703153097824195,0.6926857669059823
0,1,-1.2512652586468471,-1.7969063771602543,-0.12926237321225278,-0.7554811307025441
0,1,0.2617752680621024,0.059593699774010675,-0.24625427804538713,-0.6785064932649529
0,1,0.093859695831676,0.6034041403967209,0.16828033456825825,0.5300817016870869
0,1,-1.3381202634443223,-0.9878754296968703,-1.1389426327691343,-1.0982752429878389
0,1,-0.3625929896589872,-0.2554673487084883,0.1853796771422369,-0.2475450308151492
0,1,1.4485210444254333,0.91261916279831,1.2484950118924816,1.2899051305486553
1,1,0.3196181228194844,-0.1009688131122124,0.07392026590715878,-0.37922565993431856
1,1,-0.9637672635915526,-1.0855393141577094,-1.1148067560830688,-2.176266711122888
0,1,-0.6589287584311283,-0.35517275328572767,-0.6069470919075407,-1.0878715847274756
0,1,-0.6662326544379857,-0.580169848995763,-0.9881070477936298,-0.7170537995916622
0,1,0.5653003573445151,0.5905435127825215,-0.5259655334997083,-0.5620932948975443
0,1,-0.44550437655102415,0.0025701949658334,-0.8747662563937258,-1.2532963918775097
